-- phpMyAdmin SQL Dump
-- version 4.1.9
-- http://www.phpmyadmin.net
--
-- Host: localhost
-- Generation Time: 2015-05-07 18:07:41
-- 服务器版本： 5.5.24-log
-- PHP Version: 5.3.13

SET SQL_MODE = "NO_AUTO_VALUE_ON_ZERO";
SET time_zone = "+00:00";


/*!40101 SET @OLD_CHARACTER_SET_CLIENT=@@CHARACTER_SET_CLIENT */;
/*!40101 SET @OLD_CHARACTER_SET_RESULTS=@@CHARACTER_SET_RESULTS */;
/*!40101 SET @OLD_COLLATION_CONNECTION=@@COLLATION_CONNECTION */;
/*!40101 SET NAMES utf8 */;

--
-- Database: `myproject`
--

-- --------------------------------------------------------

--
-- 表的结构 `zr_adminers`
--

CREATE TABLE IF NOT EXISTS `zr_adminers` (
  `adminid` tinyint(3) unsigned NOT NULL AUTO_INCREMENT COMMENT 'id',
  `adminname` varchar(20) NOT NULL COMMENT '管理员账号',
  `password` varchar(32) NOT NULL COMMENT '密码',
  PRIMARY KEY (`adminid`)
) ENGINE=MyISAM  DEFAULT CHARSET=utf8 COMMENT='管理员信息表' AUTO_INCREMENT=4 ;

--
-- 转存表中的数据 `zr_adminers`
--

INSERT INTO `zr_adminers` (`adminid`, `adminname`, `password`) VALUES
(1, 'admin', '96e79218965eb72c92a549dd5a330112'),
(2, 'zhaorui', '96e79218965eb72c92a549dd5a330112'),
(3, 'sujian', 'c4ca4238a0b923820dcc509a6f75849b');

-- --------------------------------------------------------

--
-- 表的结构 `zr_biddinginfos`
--

CREATE TABLE IF NOT EXISTS `zr_biddinginfos` (
  `infoid` int(10) unsigned NOT NULL AUTO_INCREMENT COMMENT 'id',
  `provinceid` smallint(5) unsigned NOT NULL DEFAULT '1' COMMENT '省份id',
  `title` varchar(200) NOT NULL DEFAULT '' COMMENT '项目标题',
  `content` text NOT NULL COMMENT '项目内容',
  `ownerunit` varchar(200) NOT NULL DEFAULT '' COMMENT '发布单位',
  `ownercontacts` varchar(200) NOT NULL DEFAULT '' COMMENT '发起者',
  `ownerphone` varchar(200) NOT NULL DEFAULT '' COMMENT '联系方式',
  `biddingunit` varchar(200) NOT NULL DEFAULT '' COMMENT '招标单位',
  `biddingcontacts` varchar(200) NOT NULL DEFAULT '' COMMENT '招标联系人',
  `biddingphone` varchar(200) NOT NULL DEFAULT '' COMMENT '招标办电话',
  `putDatetime` timestamp NOT NULL DEFAULT '0000-00-00 00:00:00' COMMENT '发布时间',
  `biddingdatetime` timestamp NOT NULL DEFAULT '0000-00-00 00:00:00' COMMENT '招标时间',
  `biddingstatusid` int(10) unsigned NOT NULL DEFAULT '0' COMMENT '招标状态ID',
  `is_on_sale` enum('是','否') NOT NULL DEFAULT '是' COMMENT '是否上架',
  PRIMARY KEY (`infoid`),
  KEY `FK_Reference_1` (`provinceid`),
  KEY `FK_Reference_10` (`biddingstatusid`)
) ENGINE=MyISAM DEFAULT CHARSET=utf8 COMMENT='项目数据表' AUTO_INCREMENT=1 ;

-- --------------------------------------------------------

--
-- 表的结构 `zr_biddingstatus`
--

CREATE TABLE IF NOT EXISTS `zr_biddingstatus` (
  `biddingStatusid` int(10) unsigned NOT NULL COMMENT 'id',
  `biddingStatusname` varchar(20) NOT NULL DEFAULT '' COMMENT '招标状态',
  PRIMARY KEY (`biddingStatusid`)
) ENGINE=MyISAM DEFAULT CHARSET=utf8 COMMENT='招标状态';

--
-- 转存表中的数据 `zr_biddingstatus`
--

INSERT INTO `zr_biddingstatus` (`biddingStatusid`, `biddingStatusname`) VALUES
(1, '招标'),
(2, '中标'),
(3, '变更'),
(4, '预审');

-- --------------------------------------------------------

--
-- 表的结构 `zr_favorites`
--

CREATE TABLE IF NOT EXISTS `zr_favorites` (
  `favoritesid` int(10) unsigned NOT NULL AUTO_INCREMENT COMMENT 'id',
  `userid` mediumint(8) unsigned NOT NULL DEFAULT '0' COMMENT '用户id',
  `infoid` int(10) unsigned NOT NULL DEFAULT '0' COMMENT '项目数据id',
  `createdatetime` timestamp NOT NULL DEFAULT '0000-00-00 00:00:00' COMMENT '创建时间',
  PRIMARY KEY (`favoritesid`),
  KEY `FK_Reference_6` (`userid`)
) ENGINE=MyISAM DEFAULT CHARSET=utf8 COMMENT='用户收藏' AUTO_INCREMENT=1 ;

-- --------------------------------------------------------

--
-- 表的结构 `zr_infos`
--

CREATE TABLE IF NOT EXISTS `zr_infos` (
  `infoid` int(10) unsigned NOT NULL AUTO_INCREMENT COMMENT 'id',
  `provinceid` tinyint(3) unsigned NOT NULL DEFAULT '1' COMMENT '省份ID',
  `title` varchar(200) NOT NULL DEFAULT '' COMMENT '项目标题',
  `content` text NOT NULL COMMENT '项目内容',
  `ownerunit` varchar(200) NOT NULL DEFAULT '' COMMENT '发布单位',
  `ownercontacts` varchar(200) NOT NULL DEFAULT '' COMMENT '发起者',
  `ownerphone` varchar(200) NOT NULL DEFAULT '' COMMENT '联系方式',
  `biddingunit` varchar(200) NOT NULL DEFAULT '' COMMENT '招标单位',
  `biddingcontacts` varchar(200) NOT NULL DEFAULT '' COMMENT '招标联系人',
  `biddingphone` varchar(200) NOT NULL DEFAULT '' COMMENT '招标办电话',
  `putDatetime` int(10) unsigned NOT NULL DEFAULT '0' COMMENT '发布时间',
  `biddingdatetime` int(10) unsigned NOT NULL DEFAULT '0' COMMENT '招标时间',
  `biddingstatusid` tinyint(3) unsigned NOT NULL DEFAULT '0' COMMENT '招标状态ID',
  `is_on_sale` enum('是','否') NOT NULL DEFAULT '是' COMMENT '是否上线',
  `is_hot` enum('是','否') NOT NULL DEFAULT '否' COMMENT '是否推荐,默认为0',
  `areaName` varchar(300) DEFAULT NULL COMMENT 'areaName',
  `createDatetime` int(10) unsigned NOT NULL DEFAULT '0' COMMENT '创建时间',
  `originalURL` varchar(300) DEFAULT '' COMMENT '源站',
  `sourceWeb` varchar(200) DEFAULT '' COMMENT '来源',
  PRIMARY KEY (`infoid`),
  KEY `FK_Reference_1` (`provinceid`),
  KEY `FK_Reference_10` (`biddingstatusid`)
) ENGINE=MyISAM  DEFAULT CHARSET=utf8 COMMENT='项目数据表' AUTO_INCREMENT=651 ;

--
-- 转存表中的数据 `zr_infos`
--

INSERT INTO `zr_infos` (`infoid`, `provinceid`, `title`, `content`, `ownerunit`, `ownercontacts`, `ownerphone`, `biddingunit`, `biddingcontacts`, `biddingphone`, `putDatetime`, `biddingdatetime`, `biddingstatusid`, `is_on_sale`, `is_hot`, `areaName`, `createDatetime`, `originalURL`, `sourceWeb`) VALUES
(2, 1, '今日推荐项目（沙河西区十八号路-满井桥）(监理)中标公告', '测试项目内容暂定二测试项目内容暂定二测试项目内容暂定二测试项目内容暂定二测试项目内容暂定二测试项目内容暂定二测试项目内容', '中标公告', '今日推荐', '999', '测试项目', '测试', '2', 2015, 1970, 1, '是', '是', '', 1430201733, '', ''),
(3, 4, '投资约400万元停车场智能化工程为', '电气安装工程、通风工程、停车场工程、围墙工程、环氧地坪、智能化工程、道路工程、土石方、消防工程、人防工程、场地平整、给排', '以上级别会员可查看', '以上级别会员可查看', '以上级别会员可查看', '以上级别会员可查看', '以上级别会员可查看', '以上级别会员可查看', 2015, 2, 0, '是', '是', '以上级别会员可查看', 1430201733, '以上级别会员可查看', '以上级别会员可查看'),
(42, 4, '车厘子和樱桃', '车厘子和樱桃，这对长相无差价格身段有别的水果，你是否傻傻分不清楚呢？车厘子到底是不是樱桃，两者有什么区别呢', '以上级别会员可查看', '以上级别会员可查看', '以上级别会员可查看', '以上级别会员可查看', '以上级别会员可查看', '以上级别会员可查看', 2015, 2, 0, '是', '是', '以上级别会员可查看', 1430201733, '以上级别会员可查看', '以上级别会员可查看'),
(41, 1, '香蕉和芭蕉外形', '香蕉和芭蕉外形看起来非常相似，一般来说香蕉比芭蕉大一些，除了看大小以外，还能靠什么方式分辨这两种水果呢？', '中标公告', '今日推荐', '999', '测试项目', '测试', '2', 2015, 1970, 1, '是', '是', '', 1430201733, '', ''),
(8, 16, '大牛', 'you niu how long', '招商', '银行', '999', '中国', '银河', '000', 1388505600, 2015, 3, '是', '是', '', 1430192188, '', ''),
(9, 3, '为了爱', '所以爱', '想你', '的枣', '999', '爱的深', '伤的深', '888', 1420041600, 2015, 0, '是', '是', '', 1430193213, '', ''),
(12, 1, '今日推荐项目（沙河西区十八号路-满井桥）(监理)中标公告', '测试项目内容暂定二测试项目内容暂定二测试项目内容暂定二测试项目内容暂定二测试项目内容暂定二测试项目内容暂定二测试项目内容', '中标公告', '今日推荐', '999', '测试项目', '测试', '2', 2015, 1970, 1, '是', '是', '', 1430190630, '', ''),
(13, 1, '投资约400百万元停车场智能化工程为', '电气安装工程、通风工程、停车场工程、围墙工程、环氧地坪、智能化工程、道路工程、土石方、消防工程、人防工程、场地平整、给排', '以上级别会员可查看', '以上级别会员可查看', '以上级别会员可查看', '以上级别会员可查看', '以上级别会员可查看', '以上级别会员可查看', 2015, 2, 0, '是', '否', '以上级别会员可查看', 1430178079, '以上级别会员可查看', '以上级别会员可查看'),
(14, 1, 'G107路面修复小修工程 施工招标公告', '本招标项目房山区大件路、良三路、阎河路、G107路面修复小修工程已列入北京市交通委员会路政局2015年工程年度计划，并已', '北京市交通委员会路政局房山公路分局', '孙大为', '01067806076', '北京逸群工程咨询有限公司', '陈海宁', '69376304', 2014, 2015, 0, '是', '否', '', 0, '', ''),
(16, 3, 'd', 'ad', 'asd', 'adsd', '12', 'q2', '12', '122', 1430223300, 1430223300, 0, '是', '否', '11', 1430189302, '11', '122'),
(15, 1, '分到400百万', '2', '2', '2', '2', '2', '2', '2', 1391356800, 1430223300, 0, '是', '否', '123', 1430188678, '3', '3'),
(17, 1, 'hot', '推荐不管用？', '有computer', 'miss', '899', '狼图腾', '小狼', '777', 1430223180, 1430223300, 4, '是', '否', '才', 1430192088, '从', '层'),
(18, 16, '大牛', 'you niu how long', '招商', '银行', '999', '中国', '银河', '000', 1388505600, 2015, 3, '是', '否', '', 1430192188, '', ''),
(19, 3, '为了爱', '所以爱', '想你', '的枣', '999', '爱的深', '伤的深', '888', 1420041600, 2015, 0, '是', '否', '', 1430193213, '', ''),
(21, 20, '1', '1', '1', '1', '1', '1', '1', '1', 1, 1970, 2, '是', '否', '', 1430191902, '', ''),
(22, 1, '今日推荐项目（沙河西区十八号路-满井桥）(监理)中标公告', '测试项目内容暂定二测试项目内容暂定二测试项目内容暂定二测试项目内容暂定二测试项目内容暂定二测试项目内容暂定二测试项目内容', '中标公告', '今日推荐', '999', '测试项目', '测试', '2', 2015, 1970, 1, '是', '否', '', 1430190630, '', ''),
(23, 4, '投资约400万元停车场智能化工程', '电气安装工程、通风工程、停车场工程、围墙工程、环氧地坪、智能化工程、道路工程、土石方、消防工程、人防工程、场地平整、给排', '以上级别会员可查看', '以上级别会员可查看', '以上级别会员可查看', '以上级别会员可查看', '以上级别会员可查看', '以上级别会员可查看', 2015, 2, 0, '是', '否', '以上级别会员可查看', 1430178079, '以上级别会员可查看', '以上级别会员可查看'),
(24, 1, 'G107路面修复小修工程 施工招标公告', '本招标项目房山区大件路、良三路、阎河路、G107路面修复小修工程已列入北京市交通委员会路政局2015年工程年度计划，并已', '北京市交通委员会路政局房山公路分局', '孙大为', '01067806076', '北京逸群工程咨询有限公司', '陈海宁', '69376304', 2014, 2015, 0, '是', '否', '', 0, '', ''),
(26, 3, 'd', 'ad', 'asd', 'adsd', '12', 'q2', '12', '122', 1430223300, 1430223300, 0, '是', '否', '11', 1430189302, '11', '122'),
(25, 2, '分到', '2', '2', '2', '2', '2', '2', '2', 1391356800, 1430223300, 0, '是', '否', '123', 1430188678, '3', '3'),
(27, 1, 'hot', '推荐不管用？', '有computer', 'miss', '899', '狼图腾', '小狼', '777', 1430223180, 1430223300, 4, '是', '否', '才', 1430192088, '从', '层'),
(28, 16, '大牛', 'you niu how long', '招商', '银行', '999', '中国', '银河', '000', 1388505600, 2015, 3, '是', '否', '', 1430192188, '', ''),
(29, 3, '为了爱', '所以爱', '想你', '的枣', '999', '爱的深', '伤的深', '888', 1420041600, 2015, 0, '是', '否', '', 1430193213, '', ''),
(31, 20, '1', '1', '1', '1', '1', '1', '1', '1', 1, 1970, 2, '是', '否', '', 1430191902, '', ''),
(32, 1, '今日推荐项目（沙河西区十八号路-满井桥）(监理)中标公告', '测试项目内容暂定二测试项目内容暂定二测试项目内容暂定二测试项目内容暂定二测试项目内容暂定二测试项目内容暂定二测试项目内容', '中标公告', '今日推荐', '999', '测试项目', '测试', '2', 2015, 1970, 1, '是', '否', '', 1430190630, '', ''),
(33, 4, '投资约400万元停车场智能化工程', '电气安装工程、通风工程、停车场工程、围墙工程、环氧地坪、智能化工程、道路工程、土石方、消防工程、人防工程、场地平整、给排', '以上级别会员可查看', '以上级别会员可查看', '以上级别会员可查看', '以上级别会员可查看', '以上级别会员可查看', '以上级别会员可查看', 2015, 2, 0, '是', '否', '以上级别会员可查看', 1430178079, '以上级别会员可查看', '以上级别会员可查看'),
(34, 1, 'G107路面修复小修工程 施工招标公为', '本招标项目房山区大件路、良三路、阎河路、G107路面修复小修工程已列入北京市交通委员会路政局2015年工程年度计划，并已', '北京市交通委员会路政局房山公路分局', '孙大为', '01067806076', '北京逸群工程咨询有限公司', '陈海宁', '69376304', 2014, 2015, 0, '是', '否', '', 0, '', ''),
(36, 3, 'd', 'ad', 'asd', 'adsd', '12', 'q2', '12', '122', 1430223300, 1430223300, 0, '是', '否', '11', 1430189302, '11', '122'),
(35, 2, '分到', '2', '2', '2', '2', '2', '2', '2', 1391356800, 1430223300, 0, '是', '否', '123', 1430188678, '3', '3'),
(37, 1, 'hot', '推荐不管用？', '有computer', 'miss', '899', '狼图腾', '小狼', '777', 1430223180, 1430223300, 4, '是', '否', '才', 1430192088, '从', '层'),
(38, 16, '大牛', 'you niu how long', '招商', '银行', '999', '中国', '银河', '000', 1388505600, 2015, 3, '是', '否', '', 1430192188, '', ''),
(39, 3, '为了爱', '所以爱', '想你', '的枣', '999', '爱的深', '伤的深', '888', 1420041600, 2015, 0, '是', '否', '', 1430193213, '', ''),
(43, 16, '武侯祠', '位于成都市武侯区，肇始于公元223年修建刘备惠陵时，它是中国唯一的一座君臣合祀祠庙和最负盛名的诸葛亮、刘备及蜀汉英雄纪念地', '招商', '银行', '999', '中国', '银河', '000', 1388505600, 2015, 3, '是', '是', '', 1430192188, '', ''),
(44, 3, '公元二三四年八月', '诸葛亮因积劳成疾，病卒于北伐前线的五丈原（今陕西宝鸡市岐山县城南约20公里），时年五十四岁', '想你', '的枣', '999', '爱的深', '伤的深', '888', 1420041600, 2015, 0, '是', '是', '', 1430193213, '', ''),
(45, 1, '文物区', '由惠陵、汉昭烈庙和武侯祠三部分组成，祠庙现存主体建筑（除惠陵）均为清康熙十一年（公元1672年）重建，坐北朝南，排列在一条中轴线上', '中标公告', '今日推荐', '999', '测试项目', '测试', '2', 2015, 1970, 1, '是', '是', '', 1430190630, '', ''),
(46, 1, '香蕉和芭蕉外形', '香蕉和芭蕉外形看起来非常相似，一般来说香蕉比芭蕉大一些，除了看大小以外，还能靠什么方式分辨这两种水果呢？', '中标公告', '今日推荐', '999', '测试项目', '测试', '2', 2015, 1970, 1, '是', '是', '', 1430201733, '', ''),
(47, 1, '香蕉外形', '香蕉和芭蕉外形看起来非常相似，一般来说香蕉比芭蕉大一些，除了看大小以外，还能靠什么方式分辨这两种水果呢？', '中标公告', '今日推荐', '999', '测试项目', '测试', '2', 2015, 1970, 1, '是', '是', '', 1430201733, '', ''),
(48, 16, '成都武侯祠', '位于成都市武侯区，肇始于公元223年修建刘备惠陵时，它是中国唯一的一座君臣合祀祠庙和最负盛名的诸葛亮、刘备及蜀汉英雄纪念地', '招商', '银行', '999', '中国', '银河', '000', 1388505600, 2015, 3, '是', '是', '', 1430192188, '', ''),
(49, 3, '公元二三四年', '诸葛亮因积劳成疾，病卒于北伐前线的五丈原（今陕西宝鸡市岐山县城南约20公里），时年五十四岁', '想你', '的枣', '999', '爱的深', '伤的深', '888', 1420041600, 2015, 0, '是', '是', '', 1430193213, '', ''),
(50, 1, '惠陵文物区', '由惠陵、汉昭烈庙和武侯祠三部分组成，祠庙现存主体建筑（除惠陵）均为清康熙十一年（公元1672年）重建，坐北朝南，排列在一条中轴线上', '中标公告', '今日推荐', '999', '测试项目', '测试', '2', 2015, 1970, 1, '是', '是', '', 1430190630, '', ''),
(51, 1, '今日推荐项目（沙河西区十八号路-满井桥）(监理)中标公告', '测试项目内容暂定二测试项目内容暂定二测试项目内容暂定二测试项目内容暂定二测试项目内容暂定二测试项目内容暂定二测试项目内容', '中标公告', '今日推荐', '999', '测试项目', '测试', '2', 2015, 1970, 1, '是', '是', '', 1430201733, '', ''),
(52, 4, '投资约400万元停车场智能化工程为', '电气安装工程、通风工程、停车场工程、围墙工程、环氧地坪、智能化工程、道路工程、土石方、消防工程、人防工程、场地平整、给排', '以上级别会员可查看', '以上级别会员可查看', '以上级别会员可查看', '以上级别会员可查看', '以上级别会员可查看', '以上级别会员可查看', 2015, 2, 0, '是', '是', '以上级别会员可查看', 1430201733, '以上级别会员可查看', '以上级别会员可查看'),
(53, 4, '车厘子和樱桃', '车厘子和樱桃，这对长相无差价格身段有别的水果，你是否傻傻分不清楚呢？车厘子到底是不是樱桃，两者有什么区别呢', '以上级别会员可查看', '以上级别会员可查看', '以上级别会员可查看', '以上级别会员可查看', '以上级别会员可查看', '以上级别会员可查看', 2015, 2, 0, '是', '是', '以上级别会员可查看', 1430201733, '以上级别会员可查看', '以上级别会员可查看'),
(54, 1, '香蕉和芭蕉外形', '香蕉和芭蕉外形看起来非常相似，一般来说香蕉比芭蕉大一些，除了看大小以外，还能靠什么方式分辨这两种水果呢？', '中标公告', '今日推荐', '999', '测试项目', '测试', '2', 2015, 1970, 1, '是', '是', '', 1430201733, '', ''),
(55, 16, '大牛', 'you niu how long', '招商', '银行', '999', '中国', '银河', '000', 1388505600, 2015, 3, '是', '是', '', 1430192188, '', ''),
(56, 3, '为了爱', '所以爱', '想你', '的枣', '999', '爱的深', '伤的深', '888', 1420041600, 2015, 0, '是', '是', '', 1430193213, '', ''),
(57, 1, '今日推荐项目（沙河西区十八号路-满井桥）(监理)中标公告', '测试项目内容暂定二测试项目内容暂定二测试项目内容暂定二测试项目内容暂定二测试项目内容暂定二测试项目内容暂定二测试项目内容', '中标公告', '今日推荐', '999', '测试项目', '测试', '2', 2015, 1970, 1, '是', '是', '', 1430190630, '', ''),
(58, 4, '投资约400万元停车场智能化工程为', '电气安装工程、通风工程、停车场工程、围墙工程、环氧地坪、智能化工程、道路工程、土石方、消防工程、人防工程、场地平整、给排', '以上级别会员可查看', '以上级别会员可查看', '以上级别会员可查看', '以上级别会员可查看', '以上级别会员可查看', '以上级别会员可查看', 2015, 2, 0, '是', '否', '以上级别会员可查看', 1430178079, '以上级别会员可查看', '以上级别会员可查看'),
(59, 1, 'G107路面修复小修工程 施工招标公告', '本招标项目房山区大件路、良三路、阎河路、G107路面修复小修工程已列入北京市交通委员会路政局2015年工程年度计划，并已', '北京市交通委员会路政局房山公路分局', '孙大为', '01067806076', '北京逸群工程咨询有限公司', '陈海宁', '69376304', 2014, 2015, 0, '是', '否', '', 0, '', ''),
(60, 3, 'd', 'ad', 'asd', 'adsd', '12', 'q2', '12', '122', 1430223300, 1430223300, 0, '是', '否', '11', 1430189302, '11', '122'),
(61, 2, '分到', '2', '2', '2', '2', '2', '2', '2', 1391356800, 1430223300, 0, '是', '否', '123', 1430188678, '3', '3'),
(62, 1, 'hot', '推荐不管用？', '有computer', 'miss', '899', '狼图腾', '小狼', '777', 1430223180, 1430223300, 4, '是', '否', '才', 1430192088, '从', '层'),
(63, 16, '大牛', 'you niu how long', '招商', '银行', '999', '中国', '银河', '000', 1388505600, 2015, 3, '是', '否', '', 1430192188, '', ''),
(64, 3, '为了爱', '所以爱', '想你', '的枣', '999', '爱的深', '伤的深', '888', 1420041600, 2015, 0, '是', '否', '', 1430193213, '', ''),
(65, 20, '1', '1', '1', '1', '1', '1', '1', '1', 1, 1970, 2, '是', '否', '', 1430191902, '', ''),
(66, 1, '今日推荐项目（沙河西区十八号路-满井桥）(监理)中标公告', '测试项目内容暂定二测试项目内容暂定二测试项目内容暂定二测试项目内容暂定二测试项目内容暂定二测试项目内容暂定二测试项目内容', '中标公告', '今日推荐', '999', '测试项目', '测试', '2', 2015, 1970, 1, '是', '否', '', 1430190630, '', ''),
(67, 4, '投资约400万元停车场智能化工程', '电气安装工程、通风工程、停车场工程、围墙工程、环氧地坪、智能化工程、道路工程、土石方、消防工程、人防工程、场地平整、给排', '以上级别会员可查看', '以上级别会员可查看', '以上级别会员可查看', '以上级别会员可查看', '以上级别会员可查看', '以上级别会员可查看', 2015, 2, 0, '是', '否', '以上级别会员可查看', 1430178079, '以上级别会员可查看', '以上级别会员可查看'),
(68, 1, 'G107路面修复小修工程 施工招标公告', '本招标项目房山区大件路、良三路、阎河路、G107路面修复小修工程已列入北京市交通委员会路政局2015年工程年度计划，并已', '北京市交通委员会路政局房山公路分局', '孙大为', '01067806076', '北京逸群工程咨询有限公司', '陈海宁', '69376304', 2014, 2015, 0, '是', '否', '', 0, '', ''),
(69, 3, 'd', 'ad', 'asd', 'adsd', '12', 'q2', '12', '122', 1430223300, 1430223300, 0, '是', '否', '11', 1430189302, '11', '122'),
(70, 2, '分到', '2', '2', '2', '2', '2', '2', '2', 1391356800, 1430223300, 0, '是', '否', '123', 1430188678, '3', '3'),
(71, 1, 'hot', '推荐不管用？', '有computer', 'miss', '899', '狼图腾', '小狼', '777', 1430223180, 1430223300, 4, '是', '否', '才', 1430192088, '从', '层'),
(72, 16, '大牛', 'you niu how long', '招商', '银行', '999', '中国', '银河', '000', 1388505600, 2015, 3, '是', '否', '', 1430192188, '', ''),
(73, 3, '为了爱', '所以爱', '想你', '的枣', '999', '爱的深', '伤的深', '888', 1420041600, 2015, 0, '是', '否', '', 1430193213, '', ''),
(74, 20, '1', '1', '1', '1', '1', '1', '1', '1', 1, 1970, 2, '是', '否', '', 1430191902, '', ''),
(75, 1, '今日推荐项目（沙河西区十八号路-满井桥）(监理)中标公告', '测试项目内容暂定二测试项目内容暂定二测试项目内容暂定二测试项目内容暂定二测试项目内容暂定二测试项目内容暂定二测试项目内容', '中标公告', '今日推荐', '999', '测试项目', '测试', '2', 2015, 1970, 1, '是', '否', '', 1430190630, '', ''),
(76, 4, '投资约400万元停车场智能化工程', '电气安装工程、通风工程、停车场工程、围墙工程、环氧地坪、智能化工程、道路工程、土石方、消防工程、人防工程、场地平整、给排', '以上级别会员可查看', '以上级别会员可查看', '以上级别会员可查看', '以上级别会员可查看', '以上级别会员可查看', '以上级别会员可查看', 2015, 2, 0, '是', '否', '以上级别会员可查看', 1430178079, '以上级别会员可查看', '以上级别会员可查看'),
(77, 1, 'G107路面修复小修工程 施工招标公为', '本招标项目房山区大件路、良三路、阎河路、G107路面修复小修工程已列入北京市交通委员会路政局2015年工程年度计划，并已', '北京市交通委员会路政局房山公路分局', '孙大为', '01067806076', '北京逸群工程咨询有限公司', '陈海宁', '69376304', 2014, 2015, 0, '是', '否', '', 0, '', ''),
(78, 3, 'd', 'ad', 'asd', 'adsd', '12', 'q2', '12', '122', 1430223300, 1430223300, 0, '是', '否', '11', 1430189302, '11', '122'),
(79, 2, '分到', '2', '2', '2', '2', '2', '2', '2', 1391356800, 1430223300, 0, '是', '否', '123', 1430188678, '3', '3'),
(80, 1, 'hot', '推荐不管用？', '有computer', 'miss', '899', '狼图腾', '小狼', '777', 1430223180, 1430223300, 4, '是', '否', '才', 1430192088, '从', '层'),
(81, 16, '大牛', 'you niu how long', '招商', '银行', '999', '中国', '银河', '000', 1388505600, 2015, 3, '是', '否', '', 1430192188, '', ''),
(82, 3, '为了爱', '所以爱', '想你', '的枣', '999', '爱的深', '伤的深', '888', 1420041600, 2015, 0, '是', '否', '', 1430193213, '', ''),
(83, 16, '武侯祠', '位于成都市武侯区，肇始于公元223年修建刘备惠陵时，它是中国唯一的一座君臣合祀祠庙和最负盛名的诸葛亮、刘备及蜀汉英雄纪念地', '招商', '银行', '999', '中国', '银河', '000', 1388505600, 2015, 3, '是', '是', '', 1430192188, '', ''),
(84, 3, '公元二三四年八月', '诸葛亮因积劳成疾，病卒于北伐前线的五丈原（今陕西宝鸡市岐山县城南约20公里），时年五十四岁', '想你', '的枣', '999', '爱的深', '伤的深', '888', 1420041600, 2015, 0, '是', '是', '', 1430193213, '', ''),
(85, 1, '文物区', '由惠陵、汉昭烈庙和武侯祠三部分组成，祠庙现存主体建筑（除惠陵）均为清康熙十一年（公元1672年）重建，坐北朝南，排列在一条中轴线上', '中标公告', '今日推荐', '999', '测试项目', '测试', '2', 2015, 1970, 1, '是', '是', '', 1430190630, '', ''),
(86, 1, '香蕉和芭蕉外形', '香蕉和芭蕉外形看起来非常相似，一般来说香蕉比芭蕉大一些，除了看大小以外，还能靠什么方式分辨这两种水果呢？', '中标公告', '今日推荐', '999', '测试项目', '测试', '2', 2015, 1970, 1, '是', '是', '', 1430201733, '', ''),
(87, 1, '香蕉外形', '香蕉和芭蕉外形看起来非常相似，一般来说香蕉比芭蕉大一些，除了看大小以外，还能靠什么方式分辨这两种水果呢？', '中标公告', '今日推荐', '999', '测试项目', '测试', '2', 2015, 1970, 1, '是', '是', '', 1430201733, '', ''),
(88, 16, '成都武侯祠', '位于成都市武侯区，肇始于公元223年修建刘备惠陵时，它是中国唯一的一座君臣合祀祠庙和最负盛名的诸葛亮、刘备及蜀汉英雄纪念地', '招商', '银行', '999', '中国', '银河', '000', 1388505600, 2015, 3, '是', '是', '', 1430192188, '', ''),
(89, 3, '公元二三四年', '诸葛亮因积劳成疾，病卒于北伐前线的五丈原（今陕西宝鸡市岐山县城南约20公里），时年五十四岁', '想你', '的枣', '999', '爱的深', '伤的深', '888', 1420041600, 2015, 0, '是', '是', '', 1430193213, '', ''),
(90, 1, '惠陵文物区', '由惠陵、汉昭烈庙和武侯祠三部分组成，祠庙现存主体建筑（除惠陵）均为清康熙十一年（公元1672年）重建，坐北朝南，排列在一条中轴线上', '中标公告', '今日推荐', '999', '测试项目', '测试', '2', 2015, 1970, 1, '是', '是', '', 1430190630, '', ''),
(91, 1, '今日推荐项目（沙河西区十八号路-满井桥）(监理)中标公告', '测试项目内容暂定二测试项目内容暂定二测试项目内容暂定二测试项目内容暂定二测试项目内容暂定二测试项目内容暂定二测试项目内容', '中标公告', '今日推荐', '999', '测试项目', '测试', '2', 2015, 1970, 1, '是', '是', '', 1430201733, '', ''),
(92, 4, '投资约400万元停车场智能化工程为', '电气安装工程、通风工程、停车场工程、围墙工程、环氧地坪、智能化工程、道路工程、土石方、消防工程、人防工程、场地平整、给排', '以上级别会员可查看', '以上级别会员可查看', '以上级别会员可查看', '以上级别会员可查看', '以上级别会员可查看', '以上级别会员可查看', 2015, 2, 0, '是', '是', '以上级别会员可查看', 1430201733, '以上级别会员可查看', '以上级别会员可查看'),
(93, 4, '车厘子和樱桃', '车厘子和樱桃，这对长相无差价格身段有别的水果，你是否傻傻分不清楚呢？车厘子到底是不是樱桃，两者有什么区别呢', '以上级别会员可查看', '以上级别会员可查看', '以上级别会员可查看', '以上级别会员可查看', '以上级别会员可查看', '以上级别会员可查看', 2015, 2, 0, '是', '是', '以上级别会员可查看', 1430201733, '以上级别会员可查看', '以上级别会员可查看'),
(94, 1, '香蕉和芭蕉外形', '香蕉和芭蕉外形看起来非常相似，一般来说香蕉比芭蕉大一些，除了看大小以外，还能靠什么方式分辨这两种水果呢？', '中标公告', '今日推荐', '999', '测试项目', '测试', '2', 2015, 1970, 1, '是', '是', '', 1430201733, '', ''),
(95, 16, '大牛', 'you niu how long', '招商', '银行', '999', '中国', '银河', '000', 1388505600, 2015, 3, '是', '是', '', 1430192188, '', ''),
(96, 3, '为了爱', '所以爱', '想你', '的枣', '999', '爱的深', '伤的深', '888', 1420041600, 2015, 0, '是', '是', '', 1430193213, '', ''),
(97, 1, '今日推荐项目（沙河西区十八号路-满井桥）(监理)中标公告', '测试项目内容暂定二测试项目内容暂定二测试项目内容暂定二测试项目内容暂定二测试项目内容暂定二测试项目内容暂定二测试项目内容', '中标公告', '今日推荐', '999', '测试项目', '测试', '2', 2015, 1970, 1, '是', '是', '', 1430190630, '', ''),
(98, 4, '投资约400万元停车场智能化工程为', '电气安装工程、通风工程、停车场工程、围墙工程、环氧地坪、智能化工程、道路工程、土石方、消防工程、人防工程、场地平整、给排', '以上级别会员可查看', '以上级别会员可查看', '以上级别会员可查看', '以上级别会员可查看', '以上级别会员可查看', '以上级别会员可查看', 2015, 2, 0, '是', '否', '以上级别会员可查看', 1430178079, '以上级别会员可查看', '以上级别会员可查看'),
(99, 1, 'G107路面修复小修工程 施工招标公告', '本招标项目房山区大件路、良三路、阎河路、G107路面修复小修工程已列入北京市交通委员会路政局2015年工程年度计划，并已', '北京市交通委员会路政局房山公路分局', '孙大为', '01067806076', '北京逸群工程咨询有限公司', '陈海宁', '69376304', 2014, 2015, 0, '是', '否', '', 0, '', ''),
(100, 3, 'd', 'ad', 'asd', 'adsd', '12', 'q2', '12', '122', 1430223300, 1430223300, 0, '是', '否', '11', 1430189302, '11', '122'),
(101, 2, '分到', '2', '2', '2', '2', '2', '2', '2', 1391356800, 1430223300, 0, '是', '否', '123', 1430188678, '3', '3'),
(102, 1, 'hot', '推荐不管用？', '有computer', 'miss', '899', '狼图腾', '小狼', '777', 1430223180, 1430223300, 4, '是', '否', '才', 1430192088, '从', '层'),
(103, 16, '大牛', 'you niu how long', '招商', '银行', '999', '中国', '银河', '000', 1388505600, 2015, 3, '是', '否', '', 1430192188, '', ''),
(104, 3, '为了爱', '所以爱', '想你', '的枣', '999', '爱的深', '伤的深', '888', 1420041600, 2015, 0, '是', '否', '', 1430193213, '', ''),
(105, 20, '1', '1', '1', '1', '1', '1', '1', '1', 1, 1970, 2, '是', '否', '', 1430191902, '', ''),
(106, 1, '今日推荐项目（沙河西区十八号路-满井桥）(监理)中标公告', '测试项目内容暂定二测试项目内容暂定二测试项目内容暂定二测试项目内容暂定二测试项目内容暂定二测试项目内容暂定二测试项目内容', '中标公告', '今日推荐', '999', '测试项目', '测试', '2', 2015, 1970, 1, '是', '否', '', 1430190630, '', ''),
(107, 4, '投资约400万元停车场智能化工程', '电气安装工程、通风工程、停车场工程、围墙工程、环氧地坪、智能化工程、道路工程、土石方、消防工程、人防工程、场地平整、给排', '以上级别会员可查看', '以上级别会员可查看', '以上级别会员可查看', '以上级别会员可查看', '以上级别会员可查看', '以上级别会员可查看', 2015, 2, 0, '是', '否', '以上级别会员可查看', 1430178079, '以上级别会员可查看', '以上级别会员可查看'),
(108, 1, 'G107路面修复小修工程 施工招标公告', '本招标项目房山区大件路、良三路、阎河路、G107路面修复小修工程已列入北京市交通委员会路政局2015年工程年度计划，并已', '北京市交通委员会路政局房山公路分局', '孙大为', '01067806076', '北京逸群工程咨询有限公司', '陈海宁', '69376304', 2014, 2015, 0, '是', '否', '', 0, '', ''),
(109, 3, 'd', 'ad', 'asd', 'adsd', '12', 'q2', '12', '122', 1430223300, 1430223300, 0, '是', '否', '11', 1430189302, '11', '122'),
(110, 2, '分到', '2', '2', '2', '2', '2', '2', '2', 1391356800, 1430223300, 0, '是', '否', '123', 1430188678, '3', '3'),
(111, 1, 'hot', '推荐不管用？', '有computer', 'miss', '899', '狼图腾', '小狼', '777', 1430223180, 1430223300, 4, '是', '否', '才', 1430192088, '从', '层'),
(112, 16, '大牛', 'you niu how long', '招商', '银行', '999', '中国', '银河', '000', 1388505600, 2015, 3, '是', '否', '', 1430192188, '', ''),
(113, 3, '为了爱', '所以爱', '想你', '的枣', '999', '爱的深', '伤的深', '888', 1420041600, 2015, 0, '是', '否', '', 1430193213, '', ''),
(114, 20, '1', '1', '1', '1', '1', '1', '1', '1', 1, 1970, 2, '是', '否', '', 1430191902, '', ''),
(115, 1, '今日推荐项目（沙河西区十八号路-满井桥）(监理)中标公告', '测试项目内容暂定二测试项目内容暂定二测试项目内容暂定二测试项目内容暂定二测试项目内容暂定二测试项目内容暂定二测试项目内容', '中标公告', '今日推荐', '999', '测试项目', '测试', '2', 2015, 1970, 1, '是', '否', '', 1430190630, '', ''),
(116, 4, '投资约400万元停车场智能化工程', '电气安装工程、通风工程、停车场工程、围墙工程、环氧地坪、智能化工程、道路工程、土石方、消防工程、人防工程、场地平整、给排', '以上级别会员可查看', '以上级别会员可查看', '以上级别会员可查看', '以上级别会员可查看', '以上级别会员可查看', '以上级别会员可查看', 2015, 2, 0, '是', '否', '以上级别会员可查看', 1430178079, '以上级别会员可查看', '以上级别会员可查看'),
(117, 1, 'G107路面修复小修工程 施工招标公为', '本招标项目房山区大件路、良三路、阎河路、G107路面修复小修工程已列入北京市交通委员会路政局2015年工程年度计划，并已', '北京市交通委员会路政局房山公路分局', '孙大为', '01067806076', '北京逸群工程咨询有限公司', '陈海宁', '69376304', 2014, 2015, 0, '是', '否', '', 0, '', ''),
(118, 3, 'd', 'ad', 'asd', 'adsd', '12', 'q2', '12', '122', 1430223300, 1430223300, 0, '是', '否', '11', 1430189302, '11', '122'),
(119, 2, '分到', '2', '2', '2', '2', '2', '2', '2', 1391356800, 1430223300, 0, '是', '否', '123', 1430188678, '3', '3'),
(120, 1, 'hot', '推荐不管用？', '有computer', 'miss', '899', '狼图腾', '小狼', '777', 1430223180, 1430223300, 4, '是', '否', '才', 1430192088, '从', '层'),
(121, 16, '大牛', 'you niu how long', '招商', '银行', '999', '中国', '银河', '000', 1388505600, 2015, 3, '是', '否', '', 1430192188, '', ''),
(122, 3, '为了爱', '所以爱', '想你', '的枣', '999', '爱的深', '伤的深', '888', 1420041600, 2015, 0, '是', '否', '', 1430193213, '', ''),
(123, 16, '武侯祠', '位于成都市武侯区，肇始于公元223年修建刘备惠陵时，它是中国唯一的一座君臣合祀祠庙和最负盛名的诸葛亮、刘备及蜀汉英雄纪念地', '招商', '银行', '999', '中国', '银河', '000', 1388505600, 2015, 3, '是', '是', '', 1430192188, '', ''),
(124, 3, '公元二三四年八月', '诸葛亮因积劳成疾，病卒于北伐前线的五丈原（今陕西宝鸡市岐山县城南约20公里），时年五十四岁', '想你', '的枣', '999', '爱的深', '伤的深', '888', 1420041600, 2015, 0, '是', '是', '', 1430193213, '', ''),
(125, 1, '文物区', '由惠陵、汉昭烈庙和武侯祠三部分组成，祠庙现存主体建筑（除惠陵）均为清康熙十一年（公元1672年）重建，坐北朝南，排列在一条中轴线上', '中标公告', '今日推荐', '999', '测试项目', '测试', '2', 2015, 1970, 1, '是', '是', '', 1430190630, '', ''),
(126, 1, '香蕉和芭蕉外形', '香蕉和芭蕉外形看起来非常相似，一般来说香蕉比芭蕉大一些，除了看大小以外，还能靠什么方式分辨这两种水果呢？', '中标公告', '今日推荐', '999', '测试项目', '测试', '2', 2015, 1970, 1, '是', '是', '', 1430201733, '', ''),
(127, 1, '香蕉外形', '香蕉和芭蕉外形看起来非常相似，一般来说香蕉比芭蕉大一些，除了看大小以外，还能靠什么方式分辨这两种水果呢？', '中标公告', '今日推荐', '999', '测试项目', '测试', '2', 2015, 1970, 1, '是', '是', '', 1430201733, '', ''),
(128, 16, '成都武侯祠', '位于成都市武侯区，肇始于公元223年修建刘备惠陵时，它是中国唯一的一座君臣合祀祠庙和最负盛名的诸葛亮、刘备及蜀汉英雄纪念地', '招商', '银行', '999', '中国', '银河', '000', 1388505600, 2015, 3, '是', '是', '', 1430192188, '', ''),
(129, 3, '公元二三四年', '诸葛亮因积劳成疾，病卒于北伐前线的五丈原（今陕西宝鸡市岐山县城南约20公里），时年五十四岁', '想你', '的枣', '999', '爱的深', '伤的深', '888', 1420041600, 2015, 0, '是', '是', '', 1430193213, '', ''),
(130, 1, '惠陵文物区', '由惠陵、汉昭烈庙和武侯祠三部分组成，祠庙现存主体建筑（除惠陵）均为清康熙十一年（公元1672年）重建，坐北朝南，排列在一条中轴线上', '中标公告', '今日推荐', '999', '测试项目', '测试', '2', 2015, 1970, 1, '是', '是', '', 1430190630, '', ''),
(131, 1, '今日推荐项目（沙河西区十八号路-满井桥）(监理)中标公告', '测试项目内容暂定二测试项目内容暂定二测试项目内容暂定二测试项目内容暂定二测试项目内容暂定二测试项目内容暂定二测试项目内容', '中标公告', '今日推荐', '999', '测试项目', '测试', '2', 2015, 1970, 1, '是', '是', '', 1430201733, '', ''),
(132, 4, '投资约400万元停车场智能化工程为', '电气安装工程、通风工程、停车场工程、围墙工程、环氧地坪、智能化工程、道路工程、土石方、消防工程、人防工程、场地平整、给排', '以上级别会员可查看', '以上级别会员可查看', '以上级别会员可查看', '以上级别会员可查看', '以上级别会员可查看', '以上级别会员可查看', 2015, 2, 0, '是', '是', '以上级别会员可查看', 1430201733, '以上级别会员可查看', '以上级别会员可查看'),
(133, 4, '车厘子和樱桃', '车厘子和樱桃，这对长相无差价格身段有别的水果，你是否傻傻分不清楚呢？车厘子到底是不是樱桃，两者有什么区别呢', '以上级别会员可查看', '以上级别会员可查看', '以上级别会员可查看', '以上级别会员可查看', '以上级别会员可查看', '以上级别会员可查看', 2015, 2, 0, '是', '是', '以上级别会员可查看', 1430201733, '以上级别会员可查看', '以上级别会员可查看'),
(134, 1, '香蕉和芭蕉外形', '香蕉和芭蕉外形看起来非常相似，一般来说香蕉比芭蕉大一些，除了看大小以外，还能靠什么方式分辨这两种水果呢？', '中标公告', '今日推荐', '999', '测试项目', '测试', '2', 2015, 1970, 1, '是', '是', '', 1430201733, '', ''),
(135, 16, '大牛', 'you niu how long', '招商', '银行', '999', '中国', '银河', '000', 1388505600, 2015, 3, '是', '是', '', 1430192188, '', ''),
(136, 3, '为了爱', '所以爱', '想你', '的枣', '999', '爱的深', '伤的深', '888', 1420041600, 2015, 0, '是', '是', '', 1430193213, '', ''),
(137, 1, '今日推荐项目（沙河西区十八号路-满井桥）(监理)中标公告', '测试项目内容暂定二测试项目内容暂定二测试项目内容暂定二测试项目内容暂定二测试项目内容暂定二测试项目内容暂定二测试项目内容', '中标公告', '今日推荐', '999', '测试项目', '测试', '2', 2015, 1970, 1, '是', '是', '', 1430190630, '', ''),
(138, 4, '投资约400万元停车场智能化工程为', '电气安装工程、通风工程、停车场工程、围墙工程、环氧地坪、智能化工程、道路工程、土石方、消防工程、人防工程、场地平整、给排', '以上级别会员可查看', '以上级别会员可查看', '以上级别会员可查看', '以上级别会员可查看', '以上级别会员可查看', '以上级别会员可查看', 2015, 2, 0, '是', '否', '以上级别会员可查看', 1430178079, '以上级别会员可查看', '以上级别会员可查看'),
(139, 1, 'G107路面修复小修工程 施工招标公告', '本招标项目房山区大件路、良三路、阎河路、G107路面修复小修工程已列入北京市交通委员会路政局2015年工程年度计划，并已', '北京市交通委员会路政局房山公路分局', '孙大为', '01067806076', '北京逸群工程咨询有限公司', '陈海宁', '69376304', 2014, 2015, 0, '是', '否', '', 0, '', ''),
(140, 3, 'd', 'ad', 'asd', 'adsd', '12', 'q2', '12', '122', 1430223300, 1430223300, 0, '是', '否', '11', 1430189302, '11', '122'),
(141, 2, '分到', '2', '2', '2', '2', '2', '2', '2', 1391356800, 1430223300, 0, '是', '否', '123', 1430188678, '3', '3'),
(142, 1, 'hot', '推荐不管用？', '有computer', 'miss', '899', '狼图腾', '小狼', '777', 1430223180, 1430223300, 4, '是', '否', '才', 1430192088, '从', '层'),
(143, 16, '大牛', 'you niu how long', '招商', '银行', '999', '中国', '银河', '000', 1388505600, 2015, 3, '是', '否', '', 1430192188, '', ''),
(144, 3, '为了爱', '所以爱', '想你', '的枣', '999', '爱的深', '伤的深', '888', 1420041600, 2015, 0, '是', '否', '', 1430193213, '', ''),
(145, 20, '1', '1', '1', '1', '1', '1', '1', '1', 1, 1970, 2, '是', '否', '', 1430191902, '', ''),
(146, 1, '今日推荐项目（沙河西区十八号路-满井桥）(监理)中标公告', '测试项目内容暂定二测试项目内容暂定二测试项目内容暂定二测试项目内容暂定二测试项目内容暂定二测试项目内容暂定二测试项目内容', '中标公告', '今日推荐', '999', '测试项目', '测试', '2', 2015, 1970, 1, '是', '否', '', 1430190630, '', ''),
(147, 4, '投资约400万元停车场智能化工程', '电气安装工程、通风工程、停车场工程、围墙工程、环氧地坪、智能化工程、道路工程、土石方、消防工程、人防工程、场地平整、给排', '以上级别会员可查看', '以上级别会员可查看', '以上级别会员可查看', '以上级别会员可查看', '以上级别会员可查看', '以上级别会员可查看', 2015, 2, 0, '是', '否', '以上级别会员可查看', 1430178079, '以上级别会员可查看', '以上级别会员可查看'),
(148, 1, 'G107路面修复小修工程 施工招标公告', '本招标项目房山区大件路、良三路、阎河路、G107路面修复小修工程已列入北京市交通委员会路政局2015年工程年度计划，并已', '北京市交通委员会路政局房山公路分局', '孙大为', '01067806076', '北京逸群工程咨询有限公司', '陈海宁', '69376304', 2014, 2015, 0, '是', '否', '', 0, '', ''),
(149, 3, 'd', 'ad', 'asd', 'adsd', '12', 'q2', '12', '122', 1430223300, 1430223300, 0, '是', '否', '11', 1430189302, '11', '122'),
(150, 2, '分到', '2', '2', '2', '2', '2', '2', '2', 1391356800, 1430223300, 0, '是', '否', '123', 1430188678, '3', '3'),
(151, 1, 'hot', '推荐不管用？', '有computer', 'miss', '899', '狼图腾', '小狼', '777', 1430223180, 1430223300, 4, '是', '否', '才', 1430192088, '从', '层'),
(152, 16, '大牛', 'you niu how long', '招商', '银行', '999', '中国', '银河', '000', 1388505600, 2015, 3, '是', '否', '', 1430192188, '', ''),
(153, 3, '为了爱', '所以爱', '想你', '的枣', '999', '爱的深', '伤的深', '888', 1420041600, 2015, 0, '是', '否', '', 1430193213, '', ''),
(154, 20, '1', '1', '1', '1', '1', '1', '1', '1', 1, 1970, 2, '是', '否', '', 1430191902, '', ''),
(155, 1, '今日推荐项目（沙河西区十八号路-满井桥）(监理)中标公告', '测试项目内容暂定二测试项目内容暂定二测试项目内容暂定二测试项目内容暂定二测试项目内容暂定二测试项目内容暂定二测试项目内容', '中标公告', '今日推荐', '999', '测试项目', '测试', '2', 2015, 1970, 1, '是', '否', '', 1430190630, '', ''),
(156, 4, '投资约400万元停车场智能化工程', '电气安装工程、通风工程、停车场工程、围墙工程、环氧地坪、智能化工程、道路工程、土石方、消防工程、人防工程、场地平整、给排', '以上级别会员可查看', '以上级别会员可查看', '以上级别会员可查看', '以上级别会员可查看', '以上级别会员可查看', '以上级别会员可查看', 2015, 2, 0, '是', '否', '以上级别会员可查看', 1430178079, '以上级别会员可查看', '以上级别会员可查看'),
(157, 1, 'G107路面修复小修工程 施工招标公为', '本招标项目房山区大件路、良三路、阎河路、G107路面修复小修工程已列入北京市交通委员会路政局2015年工程年度计划，并已', '北京市交通委员会路政局房山公路分局', '孙大为', '01067806076', '北京逸群工程咨询有限公司', '陈海宁', '69376304', 2014, 2015, 0, '是', '否', '', 0, '', ''),
(158, 3, 'd', 'ad', 'asd', 'adsd', '12', 'q2', '12', '122', 1430223300, 1430223300, 0, '是', '否', '11', 1430189302, '11', '122'),
(159, 2, '分到', '2', '2', '2', '2', '2', '2', '2', 1391356800, 1430223300, 0, '是', '否', '123', 1430188678, '3', '3'),
(160, 1, 'hot', '推荐不管用？', '有computer', 'miss', '899', '狼图腾', '小狼', '777', 1430223180, 1430223300, 4, '是', '否', '才', 1430192088, '从', '层'),
(161, 16, '大牛', 'you niu how long', '招商', '银行', '999', '中国', '银河', '000', 1388505600, 2015, 3, '是', '否', '', 1430192188, '', ''),
(162, 3, '为了爱', '所以爱', '想你', '的枣', '999', '爱的深', '伤的深', '888', 1420041600, 2015, 0, '是', '否', '', 1430193213, '', ''),
(163, 16, '武侯祠', '位于成都市武侯区，肇始于公元223年修建刘备惠陵时，它是中国唯一的一座君臣合祀祠庙和最负盛名的诸葛亮、刘备及蜀汉英雄纪念地', '招商', '银行', '999', '中国', '银河', '000', 1388505600, 2015, 3, '是', '是', '', 1430192188, '', ''),
(164, 3, '公元二三四年八月', '诸葛亮因积劳成疾，病卒于北伐前线的五丈原（今陕西宝鸡市岐山县城南约20公里），时年五十四岁', '想你', '的枣', '999', '爱的深', '伤的深', '888', 1420041600, 2015, 0, '是', '是', '', 1430193213, '', ''),
(165, 1, '文物区', '由惠陵、汉昭烈庙和武侯祠三部分组成，祠庙现存主体建筑（除惠陵）均为清康熙十一年（公元1672年）重建，坐北朝南，排列在一条中轴线上', '中标公告', '今日推荐', '999', '测试项目', '测试', '2', 2015, 1970, 1, '是', '是', '', 1430190630, '', ''),
(166, 1, '香蕉和芭蕉外形', '香蕉和芭蕉外形看起来非常相似，一般来说香蕉比芭蕉大一些，除了看大小以外，还能靠什么方式分辨这两种水果呢？', '中标公告', '今日推荐', '999', '测试项目', '测试', '2', 2015, 1970, 1, '是', '是', '', 1430201733, '', ''),
(167, 1, '香蕉外形', '香蕉和芭蕉外形看起来非常相似，一般来说香蕉比芭蕉大一些，除了看大小以外，还能靠什么方式分辨这两种水果呢？', '中标公告', '今日推荐', '999', '测试项目', '测试', '2', 2015, 1970, 1, '是', '是', '', 1430201733, '', ''),
(168, 16, '成都武侯祠', '位于成都市武侯区，肇始于公元223年修建刘备惠陵时，它是中国唯一的一座君臣合祀祠庙和最负盛名的诸葛亮、刘备及蜀汉英雄纪念地', '招商', '银行', '999', '中国', '银河', '000', 1388505600, 2015, 3, '是', '是', '', 1430192188, '', ''),
(169, 3, '公元二三四年', '诸葛亮因积劳成疾，病卒于北伐前线的五丈原（今陕西宝鸡市岐山县城南约20公里），时年五十四岁', '想你', '的枣', '999', '爱的深', '伤的深', '888', 1420041600, 2015, 0, '是', '是', '', 1430193213, '', ''),
(170, 1, '惠陵文物区', '由惠陵、汉昭烈庙和武侯祠三部分组成，祠庙现存主体建筑（除惠陵）均为清康熙十一年（公元1672年）重建，坐北朝南，排列在一条中轴线上', '中标公告', '今日推荐', '999', '测试项目', '测试', '2', 2015, 1970, 1, '是', '是', '', 1430190630, '', ''),
(171, 1, '今日推荐项目（沙河西区十八号路-满井桥）(监理)中标公告', '测试项目内容暂定二测试项目内容暂定二测试项目内容暂定二测试项目内容暂定二测试项目内容暂定二测试项目内容暂定二测试项目内容', '中标公告', '今日推荐', '999', '测试项目', '测试', '2', 2015, 1970, 1, '是', '是', '', 1430201733, '', ''),
(172, 4, '投资约400万元停车场智能化工程为', '电气安装工程、通风工程、停车场工程、围墙工程、环氧地坪、智能化工程、道路工程、土石方、消防工程、人防工程、场地平整、给排', '以上级别会员可查看', '以上级别会员可查看', '以上级别会员可查看', '以上级别会员可查看', '以上级别会员可查看', '以上级别会员可查看', 2015, 2, 0, '是', '是', '以上级别会员可查看', 1430201733, '以上级别会员可查看', '以上级别会员可查看'),
(173, 4, '车厘子和樱桃', '车厘子和樱桃，这对长相无差价格身段有别的水果，你是否傻傻分不清楚呢？车厘子到底是不是樱桃，两者有什么区别呢', '以上级别会员可查看', '以上级别会员可查看', '以上级别会员可查看', '以上级别会员可查看', '以上级别会员可查看', '以上级别会员可查看', 2015, 2, 0, '是', '是', '以上级别会员可查看', 1430201733, '以上级别会员可查看', '以上级别会员可查看'),
(174, 1, '香蕉和芭蕉外形', '香蕉和芭蕉外形看起来非常相似，一般来说香蕉比芭蕉大一些，除了看大小以外，还能靠什么方式分辨这两种水果呢？', '中标公告', '今日推荐', '999', '测试项目', '测试', '2', 2015, 1970, 1, '是', '是', '', 1430201733, '', ''),
(175, 16, '大牛', 'you niu how long', '招商', '银行', '999', '中国', '银河', '000', 1388505600, 2015, 3, '是', '是', '', 1430192188, '', ''),
(176, 3, '为了爱', '所以爱', '想你', '的枣', '999', '爱的深', '伤的深', '888', 1420041600, 2015, 0, '是', '是', '', 1430193213, '', ''),
(177, 1, '今日推荐项目（沙河西区十八号路-满井桥）(监理)中标公告', '测试项目内容暂定二测试项目内容暂定二测试项目内容暂定二测试项目内容暂定二测试项目内容暂定二测试项目内容暂定二测试项目内容', '中标公告', '今日推荐', '999', '测试项目', '测试', '2', 2015, 1970, 1, '是', '是', '', 1430190630, '', ''),
(178, 4, '投资约400万元停车场智能化工程为', '电气安装工程、通风工程、停车场工程、围墙工程、环氧地坪、智能化工程、道路工程、土石方、消防工程、人防工程、场地平整、给排', '以上级别会员可查看', '以上级别会员可查看', '以上级别会员可查看', '以上级别会员可查看', '以上级别会员可查看', '以上级别会员可查看', 2015, 2, 0, '是', '否', '以上级别会员可查看', 1430178079, '以上级别会员可查看', '以上级别会员可查看'),
(179, 1, 'G107路面修复小修工程 施工招标公告', '本招标项目房山区大件路、良三路、阎河路、G107路面修复小修工程已列入北京市交通委员会路政局2015年工程年度计划，并已', '北京市交通委员会路政局房山公路分局', '孙大为', '01067806076', '北京逸群工程咨询有限公司', '陈海宁', '69376304', 2014, 2015, 0, '是', '否', '', 0, '', ''),
(180, 3, 'd', 'ad', 'asd', 'adsd', '12', 'q2', '12', '122', 1430223300, 1430223300, 0, '是', '否', '11', 1430189302, '11', '122'),
(181, 2, '分到', '2', '2', '2', '2', '2', '2', '2', 1391356800, 1430223300, 0, '是', '否', '123', 1430188678, '3', '3'),
(182, 1, 'hot', '推荐不管用？', '有computer', 'miss', '899', '狼图腾', '小狼', '777', 1430223180, 1430223300, 4, '是', '否', '才', 1430192088, '从', '层'),
(183, 16, '大牛', 'you niu how long', '招商', '银行', '999', '中国', '银河', '000', 1388505600, 2015, 3, '是', '否', '', 1430192188, '', ''),
(184, 3, '为了爱', '所以爱', '想你', '的枣', '999', '爱的深', '伤的深', '888', 1420041600, 2015, 0, '是', '否', '', 1430193213, '', ''),
(185, 20, '1', '1', '1', '1', '1', '1', '1', '1', 1, 1970, 2, '是', '否', '', 1430191902, '', ''),
(186, 1, '今日推荐项目（沙河西区十八号路-满井桥）(监理)中标公告', '测试项目内容暂定二测试项目内容暂定二测试项目内容暂定二测试项目内容暂定二测试项目内容暂定二测试项目内容暂定二测试项目内容', '中标公告', '今日推荐', '999', '测试项目', '测试', '2', 2015, 1970, 1, '是', '否', '', 1430190630, '', ''),
(187, 4, '投资约400万元停车场智能化工程', '电气安装工程、通风工程、停车场工程、围墙工程、环氧地坪、智能化工程、道路工程、土石方、消防工程、人防工程、场地平整、给排', '以上级别会员可查看', '以上级别会员可查看', '以上级别会员可查看', '以上级别会员可查看', '以上级别会员可查看', '以上级别会员可查看', 2015, 2, 0, '是', '否', '以上级别会员可查看', 1430178079, '以上级别会员可查看', '以上级别会员可查看');
INSERT INTO `zr_infos` (`infoid`, `provinceid`, `title`, `content`, `ownerunit`, `ownercontacts`, `ownerphone`, `biddingunit`, `biddingcontacts`, `biddingphone`, `putDatetime`, `biddingdatetime`, `biddingstatusid`, `is_on_sale`, `is_hot`, `areaName`, `createDatetime`, `originalURL`, `sourceWeb`) VALUES
(188, 1, 'G107路面修复小修工程 施工招标公告', '本招标项目房山区大件路、良三路、阎河路、G107路面修复小修工程已列入北京市交通委员会路政局2015年工程年度计划，并已', '北京市交通委员会路政局房山公路分局', '孙大为', '01067806076', '北京逸群工程咨询有限公司', '陈海宁', '69376304', 2014, 2015, 0, '是', '否', '', 0, '', ''),
(189, 3, 'd', 'ad', 'asd', 'adsd', '12', 'q2', '12', '122', 1430223300, 1430223300, 0, '是', '否', '11', 1430189302, '11', '122'),
(190, 2, '分到', '2', '2', '2', '2', '2', '2', '2', 1391356800, 1430223300, 0, '是', '否', '123', 1430188678, '3', '3'),
(191, 1, 'hot', '推荐不管用？', '有computer', 'miss', '899', '狼图腾', '小狼', '777', 1430223180, 1430223300, 4, '是', '否', '才', 1430192088, '从', '层'),
(192, 16, '大牛', 'you niu how long', '招商', '银行', '999', '中国', '银河', '000', 1388505600, 2015, 3, '是', '否', '', 1430192188, '', ''),
(193, 3, '为了爱', '所以爱', '想你', '的枣', '999', '爱的深', '伤的深', '888', 1420041600, 2015, 0, '是', '否', '', 1430193213, '', ''),
(194, 20, '1', '1', '1', '1', '1', '1', '1', '1', 1, 1970, 2, '是', '否', '', 1430191902, '', ''),
(195, 1, '今日推荐项目（沙河西区十八号路-满井桥）(监理)中标公告', '测试项目内容暂定二测试项目内容暂定二测试项目内容暂定二测试项目内容暂定二测试项目内容暂定二测试项目内容暂定二测试项目内容', '中标公告', '今日推荐', '999', '测试项目', '测试', '2', 2015, 1970, 1, '是', '否', '', 1430190630, '', ''),
(196, 4, '投资约400万元停车场智能化工程', '电气安装工程、通风工程、停车场工程、围墙工程、环氧地坪、智能化工程、道路工程、土石方、消防工程、人防工程、场地平整、给排', '以上级别会员可查看', '以上级别会员可查看', '以上级别会员可查看', '以上级别会员可查看', '以上级别会员可查看', '以上级别会员可查看', 2015, 2, 0, '是', '否', '以上级别会员可查看', 1430178079, '以上级别会员可查看', '以上级别会员可查看'),
(197, 1, 'G107路面修复小修工程 施工招标公为', '本招标项目房山区大件路、良三路、阎河路、G107路面修复小修工程已列入北京市交通委员会路政局2015年工程年度计划，并已', '北京市交通委员会路政局房山公路分局', '孙大为', '01067806076', '北京逸群工程咨询有限公司', '陈海宁', '69376304', 2014, 2015, 0, '是', '否', '', 0, '', ''),
(198, 3, 'd', 'ad', 'asd', 'adsd', '12', 'q2', '12', '122', 1430223300, 1430223300, 0, '是', '否', '11', 1430189302, '11', '122'),
(199, 2, '分到', '2', '2', '2', '2', '2', '2', '2', 1391356800, 1430223300, 0, '是', '否', '123', 1430188678, '3', '3'),
(200, 1, 'hot', '推荐不管用？', '有computer', 'miss', '899', '狼图腾', '小狼', '777', 1430223180, 1430223300, 4, '是', '否', '才', 1430192088, '从', '层'),
(201, 16, '大牛', 'you niu how long', '招商', '银行', '999', '中国', '银河', '000', 1388505600, 2015, 3, '是', '否', '', 1430192188, '', ''),
(202, 3, '为了爱', '所以爱', '想你', '的枣', '999', '爱的深', '伤的深', '888', 1420041600, 2015, 0, '是', '否', '', 1430193213, '', ''),
(203, 16, '武侯祠', '位于成都市武侯区，肇始于公元223年修建刘备惠陵时，它是中国唯一的一座君臣合祀祠庙和最负盛名的诸葛亮、刘备及蜀汉英雄纪念地', '招商', '银行', '999', '中国', '银河', '000', 1388505600, 2015, 3, '是', '是', '', 1430192188, '', ''),
(204, 3, '公元二三四年八月', '诸葛亮因积劳成疾，病卒于北伐前线的五丈原（今陕西宝鸡市岐山县城南约20公里），时年五十四岁', '想你', '的枣', '999', '爱的深', '伤的深', '888', 1420041600, 2015, 0, '是', '是', '', 1430193213, '', ''),
(205, 1, '文物区', '由惠陵、汉昭烈庙和武侯祠三部分组成，祠庙现存主体建筑（除惠陵）均为清康熙十一年（公元1672年）重建，坐北朝南，排列在一条中轴线上', '中标公告', '今日推荐', '999', '测试项目', '测试', '2', 2015, 1970, 1, '是', '是', '', 1430190630, '', ''),
(206, 1, '香蕉和芭蕉外形', '香蕉和芭蕉外形看起来非常相似，一般来说香蕉比芭蕉大一些，除了看大小以外，还能靠什么方式分辨这两种水果呢？', '中标公告', '今日推荐', '999', '测试项目', '测试', '2', 2015, 1970, 1, '是', '是', '', 1430201733, '', ''),
(207, 1, '香蕉外形', '香蕉和芭蕉外形看起来非常相似，一般来说香蕉比芭蕉大一些，除了看大小以外，还能靠什么方式分辨这两种水果呢？', '中标公告', '今日推荐', '999', '测试项目', '测试', '2', 2015, 1970, 1, '是', '是', '', 1430201733, '', ''),
(208, 16, '成都武侯祠', '位于成都市武侯区，肇始于公元223年修建刘备惠陵时，它是中国唯一的一座君臣合祀祠庙和最负盛名的诸葛亮、刘备及蜀汉英雄纪念地', '招商', '银行', '999', '中国', '银河', '000', 1388505600, 2015, 3, '是', '是', '', 1430192188, '', ''),
(209, 3, '公元二三四年', '诸葛亮因积劳成疾，病卒于北伐前线的五丈原（今陕西宝鸡市岐山县城南约20公里），时年五十四岁', '想你', '的枣', '999', '爱的深', '伤的深', '888', 1420041600, 2015, 0, '是', '是', '', 1430193213, '', ''),
(210, 1, '惠陵文物区', '由惠陵、汉昭烈庙和武侯祠三部分组成，祠庙现存主体建筑（除惠陵）均为清康熙十一年（公元1672年）重建，坐北朝南，排列在一条中轴线上', '中标公告', '今日推荐', '999', '测试项目', '测试', '2', 2015, 1970, 1, '是', '是', '', 1430190630, '', ''),
(211, 1, '今日推荐项目（沙河西区十八号路-满井桥）(监理)中标公告', '测试项目内容暂定二测试项目内容暂定二测试项目内容暂定二测试项目内容暂定二测试项目内容暂定二测试项目内容暂定二测试项目内容', '中标公告', '今日推荐', '999', '测试项目', '测试', '2', 2015, 1970, 1, '是', '是', '', 1430201733, '', ''),
(212, 4, '投资约400万元停车场智能化工程为', '电气安装工程、通风工程、停车场工程、围墙工程、环氧地坪、智能化工程、道路工程、土石方、消防工程、人防工程、场地平整、给排', '以上级别会员可查看', '以上级别会员可查看', '以上级别会员可查看', '以上级别会员可查看', '以上级别会员可查看', '以上级别会员可查看', 2015, 2, 0, '是', '是', '以上级别会员可查看', 1430201733, '以上级别会员可查看', '以上级别会员可查看'),
(213, 4, '车厘子和樱桃', '车厘子和樱桃，这对长相无差价格身段有别的水果，你是否傻傻分不清楚呢？车厘子到底是不是樱桃，两者有什么区别呢', '以上级别会员可查看', '以上级别会员可查看', '以上级别会员可查看', '以上级别会员可查看', '以上级别会员可查看', '以上级别会员可查看', 2015, 2, 0, '是', '是', '以上级别会员可查看', 1430201733, '以上级别会员可查看', '以上级别会员可查看'),
(214, 1, '香蕉和芭蕉外形', '香蕉和芭蕉外形看起来非常相似，一般来说香蕉比芭蕉大一些，除了看大小以外，还能靠什么方式分辨这两种水果呢？', '中标公告', '今日推荐', '999', '测试项目', '测试', '2', 2015, 1970, 1, '是', '是', '', 1430201733, '', ''),
(215, 16, '大牛', 'you niu how long', '招商', '银行', '999', '中国', '银河', '000', 1388505600, 2015, 3, '是', '是', '', 1430192188, '', ''),
(216, 3, '为了爱', '所以爱', '想你', '的枣', '999', '爱的深', '伤的深', '888', 1420041600, 2015, 0, '是', '是', '', 1430193213, '', ''),
(217, 1, '今日推荐项目（沙河西区十八号路-满井桥）(监理)中标公告', '测试项目内容暂定二测试项目内容暂定二测试项目内容暂定二测试项目内容暂定二测试项目内容暂定二测试项目内容暂定二测试项目内容', '中标公告', '今日推荐', '999', '测试项目', '测试', '2', 2015, 1970, 1, '是', '是', '', 1430190630, '', ''),
(218, 4, '投资约400万元停车场智能化工程为', '电气安装工程、通风工程、停车场工程、围墙工程、环氧地坪、智能化工程、道路工程、土石方、消防工程、人防工程、场地平整、给排', '以上级别会员可查看', '以上级别会员可查看', '以上级别会员可查看', '以上级别会员可查看', '以上级别会员可查看', '以上级别会员可查看', 2015, 2, 0, '是', '否', '以上级别会员可查看', 1430178079, '以上级别会员可查看', '以上级别会员可查看'),
(219, 1, 'G107路面修复小修工程 施工招标公告', '本招标项目房山区大件路、良三路、阎河路、G107路面修复小修工程已列入北京市交通委员会路政局2015年工程年度计划，并已', '北京市交通委员会路政局房山公路分局', '孙大为', '01067806076', '北京逸群工程咨询有限公司', '陈海宁', '69376304', 2014, 2015, 0, '是', '否', '', 0, '', ''),
(220, 3, 'd', 'ad', 'asd', 'adsd', '12', 'q2', '12', '122', 1430223300, 1430223300, 0, '是', '否', '11', 1430189302, '11', '122'),
(221, 2, '分到', '2', '2', '2', '2', '2', '2', '2', 1391356800, 1430223300, 0, '是', '否', '123', 1430188678, '3', '3'),
(222, 1, 'hot', '推荐不管用？', '有computer', 'miss', '899', '狼图腾', '小狼', '777', 1430223180, 1430223300, 4, '是', '否', '才', 1430192088, '从', '层'),
(223, 16, '大牛', 'you niu how long', '招商', '银行', '999', '中国', '银河', '000', 1388505600, 2015, 3, '是', '否', '', 1430192188, '', ''),
(224, 3, '为了爱', '所以爱', '想你', '的枣', '999', '爱的深', '伤的深', '888', 1420041600, 2015, 0, '是', '否', '', 1430193213, '', ''),
(225, 20, '1', '1', '1', '1', '1', '1', '1', '1', 1, 1970, 2, '是', '否', '', 1430191902, '', ''),
(226, 1, '今日推荐项目（沙河西区十八号路-满井桥）(监理)中标公告', '测试项目内容暂定二测试项目内容暂定二测试项目内容暂定二测试项目内容暂定二测试项目内容暂定二测试项目内容暂定二测试项目内容', '中标公告', '今日推荐', '999', '测试项目', '测试', '2', 2015, 1970, 1, '是', '否', '', 1430190630, '', ''),
(227, 4, '投资约400万元停车场智能化工程', '电气安装工程、通风工程、停车场工程、围墙工程、环氧地坪、智能化工程、道路工程、土石方、消防工程、人防工程、场地平整、给排', '以上级别会员可查看', '以上级别会员可查看', '以上级别会员可查看', '以上级别会员可查看', '以上级别会员可查看', '以上级别会员可查看', 2015, 2, 0, '是', '否', '以上级别会员可查看', 1430178079, '以上级别会员可查看', '以上级别会员可查看'),
(228, 1, 'G107路面修复小修工程 施工招标公告', '本招标项目房山区大件路、良三路、阎河路、G107路面修复小修工程已列入北京市交通委员会路政局2015年工程年度计划，并已', '北京市交通委员会路政局房山公路分局', '孙大为', '01067806076', '北京逸群工程咨询有限公司', '陈海宁', '69376304', 2014, 2015, 0, '是', '否', '', 0, '', ''),
(229, 3, 'd', 'ad', 'asd', 'adsd', '12', 'q2', '12', '122', 1430223300, 1430223300, 0, '是', '否', '11', 1430189302, '11', '122'),
(230, 2, '分到', '2', '2', '2', '2', '2', '2', '2', 1391356800, 1430223300, 0, '是', '否', '123', 1430188678, '3', '3'),
(231, 1, 'hot', '推荐不管用？', '有computer', 'miss', '899', '狼图腾', '小狼', '777', 1430223180, 1430223300, 4, '是', '否', '才', 1430192088, '从', '层'),
(232, 16, '大牛', 'you niu how long', '招商', '银行', '999', '中国', '银河', '000', 1388505600, 2015, 3, '是', '否', '', 1430192188, '', ''),
(233, 3, '为了爱', '所以爱', '想你', '的枣', '999', '爱的深', '伤的深', '888', 1420041600, 2015, 0, '是', '否', '', 1430193213, '', ''),
(234, 20, '1', '1', '1', '1', '1', '1', '1', '1', 1, 1970, 2, '是', '否', '', 1430191902, '', ''),
(235, 1, '今日推荐项目（沙河西区十八号路-满井桥）(监理)中标公告', '测试项目内容暂定二测试项目内容暂定二测试项目内容暂定二测试项目内容暂定二测试项目内容暂定二测试项目内容暂定二测试项目内容', '中标公告', '今日推荐', '999', '测试项目', '测试', '2', 2015, 1970, 1, '是', '否', '', 1430190630, '', ''),
(236, 4, '投资约400万元停车场智能化工程', '电气安装工程、通风工程、停车场工程、围墙工程、环氧地坪、智能化工程、道路工程、土石方、消防工程、人防工程、场地平整、给排', '以上级别会员可查看', '以上级别会员可查看', '以上级别会员可查看', '以上级别会员可查看', '以上级别会员可查看', '以上级别会员可查看', 2015, 2, 0, '是', '否', '以上级别会员可查看', 1430178079, '以上级别会员可查看', '以上级别会员可查看'),
(237, 1, 'G107路面修复小修工程 施工招标公为', '本招标项目房山区大件路、良三路、阎河路、G107路面修复小修工程已列入北京市交通委员会路政局2015年工程年度计划，并已', '北京市交通委员会路政局房山公路分局', '孙大为', '01067806076', '北京逸群工程咨询有限公司', '陈海宁', '69376304', 2014, 2015, 0, '是', '否', '', 0, '', ''),
(238, 3, 'd', 'ad', 'asd', 'adsd', '12', 'q2', '12', '122', 1430223300, 1430223300, 0, '是', '否', '11', 1430189302, '11', '122'),
(239, 2, '分到', '2', '2', '2', '2', '2', '2', '2', 1391356800, 1430223300, 0, '是', '否', '123', 1430188678, '3', '3'),
(240, 1, 'hot', '推荐不管用？', '有computer', 'miss', '899', '狼图腾', '小狼', '777', 1430223180, 1430223300, 4, '是', '否', '才', 1430192088, '从', '层'),
(241, 16, '大牛', 'you niu how long', '招商', '银行', '999', '中国', '银河', '000', 1388505600, 2015, 3, '是', '否', '', 1430192188, '', ''),
(242, 3, '为了爱', '所以爱', '想你', '的枣', '999', '爱的深', '伤的深', '888', 1420041600, 2015, 0, '是', '否', '', 1430193213, '', ''),
(243, 16, '武侯祠', '位于成都市武侯区，肇始于公元223年修建刘备惠陵时，它是中国唯一的一座君臣合祀祠庙和最负盛名的诸葛亮、刘备及蜀汉英雄纪念地', '招商', '银行', '999', '中国', '银河', '000', 1388505600, 2015, 3, '是', '是', '', 1430192188, '', ''),
(244, 3, '公元二三四年八月', '诸葛亮因积劳成疾，病卒于北伐前线的五丈原（今陕西宝鸡市岐山县城南约20公里），时年五十四岁', '想你', '的枣', '999', '爱的深', '伤的深', '888', 1420041600, 2015, 0, '是', '是', '', 1430193213, '', ''),
(245, 1, '文物区', '由惠陵、汉昭烈庙和武侯祠三部分组成，祠庙现存主体建筑（除惠陵）均为清康熙十一年（公元1672年）重建，坐北朝南，排列在一条中轴线上', '中标公告', '今日推荐', '999', '测试项目', '测试', '2', 2015, 1970, 1, '是', '是', '', 1430190630, '', ''),
(246, 1, '香蕉和芭蕉外形', '香蕉和芭蕉外形看起来非常相似，一般来说香蕉比芭蕉大一些，除了看大小以外，还能靠什么方式分辨这两种水果呢？', '中标公告', '今日推荐', '999', '测试项目', '测试', '2', 2015, 1970, 1, '是', '是', '', 1430201733, '', ''),
(247, 1, '香蕉外形', '香蕉和芭蕉外形看起来非常相似，一般来说香蕉比芭蕉大一些，除了看大小以外，还能靠什么方式分辨这两种水果呢？', '中标公告', '今日推荐', '999', '测试项目', '测试', '2', 2015, 1970, 1, '是', '是', '', 1430201733, '', ''),
(248, 16, '成都武侯祠', '位于成都市武侯区，肇始于公元223年修建刘备惠陵时，它是中国唯一的一座君臣合祀祠庙和最负盛名的诸葛亮、刘备及蜀汉英雄纪念地', '招商', '银行', '999', '中国', '银河', '000', 1388505600, 2015, 3, '是', '是', '', 1430192188, '', ''),
(249, 3, '公元二三四年', '诸葛亮因积劳成疾，病卒于北伐前线的五丈原（今陕西宝鸡市岐山县城南约20公里），时年五十四岁', '想你', '的枣', '999', '爱的深', '伤的深', '888', 1420041600, 2015, 0, '是', '是', '', 1430193213, '', ''),
(250, 1, '惠陵文物区', '由惠陵、汉昭烈庙和武侯祠三部分组成，祠庙现存主体建筑（除惠陵）均为清康熙十一年（公元1672年）重建，坐北朝南，排列在一条中轴线上', '中标公告', '今日推荐', '999', '测试项目', '测试', '2', 2015, 1970, 1, '是', '是', '', 1430190630, '', ''),
(251, 1, '今日推荐项目（沙河西区十八号路-满井桥）(监理)中标公告', '测试项目内容暂定二测试项目内容暂定二测试项目内容暂定二测试项目内容暂定二测试项目内容暂定二测试项目内容暂定二测试项目内容', '中标公告', '今日推荐', '999', '测试项目', '测试', '2', 2015, 1970, 1, '是', '是', '', 1430201733, '', ''),
(252, 4, '投资约400万元停车场智能化工程为', '电气安装工程、通风工程、停车场工程、围墙工程、环氧地坪、智能化工程、道路工程、土石方、消防工程、人防工程、场地平整、给排', '以上级别会员可查看', '以上级别会员可查看', '以上级别会员可查看', '以上级别会员可查看', '以上级别会员可查看', '以上级别会员可查看', 2015, 2, 0, '是', '是', '以上级别会员可查看', 1430201733, '以上级别会员可查看', '以上级别会员可查看'),
(253, 4, '车厘子和樱桃', '车厘子和樱桃，这对长相无差价格身段有别的水果，你是否傻傻分不清楚呢？车厘子到底是不是樱桃，两者有什么区别呢', '以上级别会员可查看', '以上级别会员可查看', '以上级别会员可查看', '以上级别会员可查看', '以上级别会员可查看', '以上级别会员可查看', 2015, 2, 0, '是', '是', '以上级别会员可查看', 1430201733, '以上级别会员可查看', '以上级别会员可查看'),
(254, 1, '香蕉和芭蕉外形', '香蕉和芭蕉外形看起来非常相似，一般来说香蕉比芭蕉大一些，除了看大小以外，还能靠什么方式分辨这两种水果呢？', '中标公告', '今日推荐', '999', '测试项目', '测试', '2', 2015, 1970, 1, '是', '是', '', 1430201733, '', ''),
(255, 16, '大牛', 'you niu how long', '招商', '银行', '999', '中国', '银河', '000', 1388505600, 2015, 3, '是', '是', '', 1430192188, '', ''),
(256, 3, '为了爱', '所以爱', '想你', '的枣', '999', '爱的深', '伤的深', '888', 1420041600, 2015, 0, '是', '是', '', 1430193213, '', ''),
(257, 1, '今日推荐项目（沙河西区十八号路-满井桥）(监理)中标公告', '测试项目内容暂定二测试项目内容暂定二测试项目内容暂定二测试项目内容暂定二测试项目内容暂定二测试项目内容暂定二测试项目内容', '中标公告', '今日推荐', '999', '测试项目', '测试', '2', 2015, 1970, 1, '是', '是', '', 1430190630, '', ''),
(258, 4, '投资约400万元停车场智能化工程为', '电气安装工程、通风工程、停车场工程、围墙工程、环氧地坪、智能化工程、道路工程、土石方、消防工程、人防工程、场地平整、给排', '以上级别会员可查看', '以上级别会员可查看', '以上级别会员可查看', '以上级别会员可查看', '以上级别会员可查看', '以上级别会员可查看', 2015, 2, 0, '是', '否', '以上级别会员可查看', 1430178079, '以上级别会员可查看', '以上级别会员可查看'),
(259, 1, 'G107路面修复小修工程 施工招标公告', '本招标项目房山区大件路、良三路、阎河路、G107路面修复小修工程已列入北京市交通委员会路政局2015年工程年度计划，并已', '北京市交通委员会路政局房山公路分局', '孙大为', '01067806076', '北京逸群工程咨询有限公司', '陈海宁', '69376304', 2014, 2015, 0, '是', '否', '', 0, '', ''),
(260, 3, 'd', 'ad', 'asd', 'adsd', '12', 'q2', '12', '122', 1430223300, 1430223300, 0, '是', '否', '11', 1430189302, '11', '122'),
(261, 2, '分到', '2', '2', '2', '2', '2', '2', '2', 1391356800, 1430223300, 0, '是', '否', '123', 1430188678, '3', '3'),
(262, 1, 'hot', '推荐不管用？', '有computer', 'miss', '899', '狼图腾', '小狼', '777', 1430223180, 1430223300, 4, '是', '否', '才', 1430192088, '从', '层'),
(263, 16, '大牛', 'you niu how long', '招商', '银行', '999', '中国', '银河', '000', 1388505600, 2015, 3, '是', '否', '', 1430192188, '', ''),
(264, 3, '为了爱', '所以爱', '想你', '的枣', '999', '爱的深', '伤的深', '888', 1420041600, 2015, 0, '是', '否', '', 1430193213, '', ''),
(265, 20, '1', '1', '1', '1', '1', '1', '1', '1', 1, 1970, 2, '是', '否', '', 1430191902, '', ''),
(266, 1, '今日推荐项目（沙河西区十八号路-满井桥）(监理)中标公告', '测试项目内容暂定二测试项目内容暂定二测试项目内容暂定二测试项目内容暂定二测试项目内容暂定二测试项目内容暂定二测试项目内容', '中标公告', '今日推荐', '999', '测试项目', '测试', '2', 2015, 1970, 1, '是', '否', '', 1430190630, '', ''),
(267, 4, '投资约400万元停车场智能化工程', '电气安装工程、通风工程、停车场工程、围墙工程、环氧地坪、智能化工程、道路工程、土石方、消防工程、人防工程、场地平整、给排', '以上级别会员可查看', '以上级别会员可查看', '以上级别会员可查看', '以上级别会员可查看', '以上级别会员可查看', '以上级别会员可查看', 2015, 2, 0, '是', '否', '以上级别会员可查看', 1430178079, '以上级别会员可查看', '以上级别会员可查看'),
(268, 1, 'G107路面修复小修工程 施工招标公告', '本招标项目房山区大件路、良三路、阎河路、G107路面修复小修工程已列入北京市交通委员会路政局2015年工程年度计划，并已', '北京市交通委员会路政局房山公路分局', '孙大为', '01067806076', '北京逸群工程咨询有限公司', '陈海宁', '69376304', 2014, 2015, 0, '是', '否', '', 0, '', ''),
(269, 3, 'd', 'ad', 'asd', 'adsd', '12', 'q2', '12', '122', 1430223300, 1430223300, 0, '是', '否', '11', 1430189302, '11', '122'),
(270, 2, '分到', '2', '2', '2', '2', '2', '2', '2', 1391356800, 1430223300, 0, '是', '否', '123', 1430188678, '3', '3'),
(271, 1, 'hot', '推荐不管用？', '有computer', 'miss', '899', '狼图腾', '小狼', '777', 1430223180, 1430223300, 4, '是', '否', '才', 1430192088, '从', '层'),
(272, 16, '大牛', 'you niu how long', '招商', '银行', '999', '中国', '银河', '000', 1388505600, 2015, 3, '是', '否', '', 1430192188, '', ''),
(273, 3, '为了爱', '所以爱', '想你', '的枣', '999', '爱的深', '伤的深', '888', 1420041600, 2015, 0, '是', '否', '', 1430193213, '', ''),
(274, 20, '1', '1', '1', '1', '1', '1', '1', '1', 1, 1970, 2, '是', '否', '', 1430191902, '', ''),
(275, 1, '今日推荐项目（沙河西区十八号路-满井桥）(监理)中标公告', '测试项目内容暂定二测试项目内容暂定二测试项目内容暂定二测试项目内容暂定二测试项目内容暂定二测试项目内容暂定二测试项目内容', '中标公告', '今日推荐', '999', '测试项目', '测试', '2', 2015, 1970, 1, '是', '否', '', 1430190630, '', ''),
(276, 4, '投资约400万元停车场智能化工程', '电气安装工程、通风工程、停车场工程、围墙工程、环氧地坪、智能化工程、道路工程、土石方、消防工程、人防工程、场地平整、给排', '以上级别会员可查看', '以上级别会员可查看', '以上级别会员可查看', '以上级别会员可查看', '以上级别会员可查看', '以上级别会员可查看', 2015, 2, 0, '是', '否', '以上级别会员可查看', 1430178079, '以上级别会员可查看', '以上级别会员可查看'),
(277, 1, 'G107路面修复小修工程 施工招标公为', '本招标项目房山区大件路、良三路、阎河路、G107路面修复小修工程已列入北京市交通委员会路政局2015年工程年度计划，并已', '北京市交通委员会路政局房山公路分局', '孙大为', '01067806076', '北京逸群工程咨询有限公司', '陈海宁', '69376304', 2014, 2015, 0, '是', '否', '', 0, '', ''),
(278, 3, 'd', 'ad', 'asd', 'adsd', '12', 'q2', '12', '122', 1430223300, 1430223300, 0, '是', '否', '11', 1430189302, '11', '122'),
(279, 2, '分到', '2', '2', '2', '2', '2', '2', '2', 1391356800, 1430223300, 0, '是', '否', '123', 1430188678, '3', '3'),
(280, 1, 'hot', '推荐不管用？', '有computer', 'miss', '899', '狼图腾', '小狼', '777', 1430223180, 1430223300, 4, '是', '否', '才', 1430192088, '从', '层'),
(281, 16, '大牛', 'you niu how long', '招商', '银行', '999', '中国', '银河', '000', 1388505600, 2015, 3, '是', '否', '', 1430192188, '', ''),
(282, 3, '为了爱', '所以爱', '想你', '的枣', '999', '爱的深', '伤的深', '888', 1420041600, 2015, 0, '是', '否', '', 1430193213, '', ''),
(283, 16, '武侯祠', '位于成都市武侯区，肇始于公元223年修建刘备惠陵时，它是中国唯一的一座君臣合祀祠庙和最负盛名的诸葛亮、刘备及蜀汉英雄纪念地', '招商', '银行', '999', '中国', '银河', '000', 1388505600, 2015, 3, '是', '是', '', 1430192188, '', ''),
(284, 3, '公元二三四年八月', '诸葛亮因积劳成疾，病卒于北伐前线的五丈原（今陕西宝鸡市岐山县城南约20公里），时年五十四岁', '想你', '的枣', '999', '爱的深', '伤的深', '888', 1420041600, 2015, 0, '是', '是', '', 1430193213, '', ''),
(285, 1, '文物区', '由惠陵、汉昭烈庙和武侯祠三部分组成，祠庙现存主体建筑（除惠陵）均为清康熙十一年（公元1672年）重建，坐北朝南，排列在一条中轴线上', '中标公告', '今日推荐', '999', '测试项目', '测试', '2', 2015, 1970, 1, '是', '是', '', 1430190630, '', ''),
(286, 1, '香蕉和芭蕉外形', '香蕉和芭蕉外形看起来非常相似，一般来说香蕉比芭蕉大一些，除了看大小以外，还能靠什么方式分辨这两种水果呢？', '中标公告', '今日推荐', '999', '测试项目', '测试', '2', 2015, 1970, 1, '是', '是', '', 1430201733, '', ''),
(287, 1, '香蕉外形', '香蕉和芭蕉外形看起来非常相似，一般来说香蕉比芭蕉大一些，除了看大小以外，还能靠什么方式分辨这两种水果呢？', '中标公告', '今日推荐', '999', '测试项目', '测试', '2', 2015, 1970, 1, '是', '是', '', 1430201733, '', ''),
(288, 16, '成都武侯祠', '位于成都市武侯区，肇始于公元223年修建刘备惠陵时，它是中国唯一的一座君臣合祀祠庙和最负盛名的诸葛亮、刘备及蜀汉英雄纪念地', '招商', '银行', '999', '中国', '银河', '000', 1388505600, 2015, 3, '是', '是', '', 1430192188, '', ''),
(289, 3, '公元二三四年', '诸葛亮因积劳成疾，病卒于北伐前线的五丈原（今陕西宝鸡市岐山县城南约20公里），时年五十四岁', '想你', '的枣', '999', '爱的深', '伤的深', '888', 1420041600, 2015, 0, '是', '是', '', 1430193213, '', ''),
(290, 1, '惠陵文物区', '由惠陵、汉昭烈庙和武侯祠三部分组成，祠庙现存主体建筑（除惠陵）均为清康熙十一年（公元1672年）重建，坐北朝南，排列在一条中轴线上', '中标公告', '今日推荐', '999', '测试项目', '测试', '2', 2015, 1970, 1, '是', '是', '', 1430190630, '', ''),
(291, 1, '今日推荐项目（沙河西区十八号路-满井桥）(监理)中标公告', '测试项目内容暂定二测试项目内容暂定二测试项目内容暂定二测试项目内容暂定二测试项目内容暂定二测试项目内容暂定二测试项目内容', '中标公告', '今日推荐', '999', '测试项目', '测试', '2', 2015, 1970, 1, '是', '是', '', 1430201733, '', ''),
(292, 4, '投资约400万元停车场智能化工程为', '电气安装工程、通风工程、停车场工程、围墙工程、环氧地坪、智能化工程、道路工程、土石方、消防工程、人防工程、场地平整、给排', '以上级别会员可查看', '以上级别会员可查看', '以上级别会员可查看', '以上级别会员可查看', '以上级别会员可查看', '以上级别会员可查看', 2015, 2, 0, '是', '是', '以上级别会员可查看', 1430201733, '以上级别会员可查看', '以上级别会员可查看'),
(293, 4, '车厘子和樱桃', '车厘子和樱桃，这对长相无差价格身段有别的水果，你是否傻傻分不清楚呢？车厘子到底是不是樱桃，两者有什么区别呢', '以上级别会员可查看', '以上级别会员可查看', '以上级别会员可查看', '以上级别会员可查看', '以上级别会员可查看', '以上级别会员可查看', 2015, 2, 0, '是', '是', '以上级别会员可查看', 1430201733, '以上级别会员可查看', '以上级别会员可查看'),
(294, 1, '香蕉和芭蕉外形', '香蕉和芭蕉外形看起来非常相似，一般来说香蕉比芭蕉大一些，除了看大小以外，还能靠什么方式分辨这两种水果呢？', '中标公告', '今日推荐', '999', '测试项目', '测试', '2', 2015, 1970, 1, '是', '是', '', 1430201733, '', ''),
(295, 16, '大牛', 'you niu how long', '招商', '银行', '999', '中国', '银河', '000', 1388505600, 2015, 3, '是', '是', '', 1430192188, '', ''),
(296, 3, '为了爱', '所以爱', '想你', '的枣', '999', '爱的深', '伤的深', '888', 1420041600, 2015, 0, '是', '是', '', 1430193213, '', ''),
(297, 1, '今日推荐项目（沙河西区十八号路-满井桥）(监理)中标公告', '测试项目内容暂定二测试项目内容暂定二测试项目内容暂定二测试项目内容暂定二测试项目内容暂定二测试项目内容暂定二测试项目内容', '中标公告', '今日推荐', '999', '测试项目', '测试', '2', 2015, 1970, 1, '是', '是', '', 1430190630, '', ''),
(298, 4, '投资约400万元停车场智能化工程为', '电气安装工程、通风工程、停车场工程、围墙工程、环氧地坪、智能化工程、道路工程、土石方、消防工程、人防工程、场地平整、给排', '以上级别会员可查看', '以上级别会员可查看', '以上级别会员可查看', '以上级别会员可查看', '以上级别会员可查看', '以上级别会员可查看', 2015, 2, 0, '是', '否', '以上级别会员可查看', 1430178079, '以上级别会员可查看', '以上级别会员可查看'),
(299, 1, 'G107路面修复小修工程 施工招标公告', '本招标项目房山区大件路、良三路、阎河路、G107路面修复小修工程已列入北京市交通委员会路政局2015年工程年度计划，并已', '北京市交通委员会路政局房山公路分局', '孙大为', '01067806076', '北京逸群工程咨询有限公司', '陈海宁', '69376304', 2014, 2015, 0, '是', '否', '', 0, '', ''),
(300, 3, 'd', 'ad', 'asd', 'adsd', '12', 'q2', '12', '122', 1430223300, 1430223300, 0, '是', '否', '11', 1430189302, '11', '122'),
(301, 2, '分到', '2', '2', '2', '2', '2', '2', '2', 1391356800, 1430223300, 0, '是', '否', '123', 1430188678, '3', '3'),
(302, 1, 'hot', '推荐不管用？', '有computer', 'miss', '899', '狼图腾', '小狼', '777', 1430223180, 1430223300, 4, '是', '否', '才', 1430192088, '从', '层'),
(303, 16, '大牛', 'you niu how long', '招商', '银行', '999', '中国', '银河', '000', 1388505600, 2015, 3, '是', '否', '', 1430192188, '', ''),
(304, 3, '为了爱', '所以爱', '想你', '的枣', '999', '爱的深', '伤的深', '888', 1420041600, 2015, 0, '是', '否', '', 1430193213, '', ''),
(305, 20, '1', '1', '1', '1', '1', '1', '1', '1', 1, 1970, 2, '是', '否', '', 1430191902, '', ''),
(306, 1, '今日推荐项目（沙河西区十八号路-满井桥）(监理)中标公告', '测试项目内容暂定二测试项目内容暂定二测试项目内容暂定二测试项目内容暂定二测试项目内容暂定二测试项目内容暂定二测试项目内容', '中标公告', '今日推荐', '999', '测试项目', '测试', '2', 2015, 1970, 1, '是', '否', '', 1430190630, '', ''),
(307, 4, '投资约400万元停车场智能化工程', '电气安装工程、通风工程、停车场工程、围墙工程、环氧地坪、智能化工程、道路工程、土石方、消防工程、人防工程、场地平整、给排', '以上级别会员可查看', '以上级别会员可查看', '以上级别会员可查看', '以上级别会员可查看', '以上级别会员可查看', '以上级别会员可查看', 2015, 2, 0, '是', '否', '以上级别会员可查看', 1430178079, '以上级别会员可查看', '以上级别会员可查看'),
(308, 1, 'G107路面修复小修工程 施工招标公告', '本招标项目房山区大件路、良三路、阎河路、G107路面修复小修工程已列入北京市交通委员会路政局2015年工程年度计划，并已', '北京市交通委员会路政局房山公路分局', '孙大为', '01067806076', '北京逸群工程咨询有限公司', '陈海宁', '69376304', 2014, 2015, 0, '是', '否', '', 0, '', ''),
(309, 3, 'd', 'ad', 'asd', 'adsd', '12', 'q2', '12', '122', 1430223300, 1430223300, 0, '是', '否', '11', 1430189302, '11', '122'),
(310, 2, '分到', '2', '2', '2', '2', '2', '2', '2', 1391356800, 1430223300, 0, '是', '否', '123', 1430188678, '3', '3'),
(311, 1, 'hot', '推荐不管用？', '有computer', 'miss', '899', '狼图腾', '小狼', '777', 1430223180, 1430223300, 4, '是', '否', '才', 1430192088, '从', '层'),
(312, 16, '大牛', 'you niu how long', '招商', '银行', '999', '中国', '银河', '000', 1388505600, 2015, 3, '是', '否', '', 1430192188, '', ''),
(313, 3, '为了爱', '所以爱', '想你', '的枣', '999', '爱的深', '伤的深', '888', 1420041600, 2015, 0, '是', '否', '', 1430193213, '', ''),
(314, 20, '1', '1', '1', '1', '1', '1', '1', '1', 1, 1970, 2, '是', '否', '', 1430191902, '', ''),
(315, 1, '今日推荐项目（沙河西区十八号路-满井桥）(监理)中标公告', '测试项目内容暂定二测试项目内容暂定二测试项目内容暂定二测试项目内容暂定二测试项目内容暂定二测试项目内容暂定二测试项目内容', '中标公告', '今日推荐', '999', '测试项目', '测试', '2', 2015, 1970, 1, '是', '否', '', 1430190630, '', ''),
(316, 4, '投资约400万元停车场智能化工程', '电气安装工程、通风工程、停车场工程、围墙工程、环氧地坪、智能化工程、道路工程、土石方、消防工程、人防工程、场地平整、给排', '以上级别会员可查看', '以上级别会员可查看', '以上级别会员可查看', '以上级别会员可查看', '以上级别会员可查看', '以上级别会员可查看', 2015, 2, 0, '是', '否', '以上级别会员可查看', 1430178079, '以上级别会员可查看', '以上级别会员可查看'),
(317, 1, 'G107路面修复小修工程 施工招标公为', '本招标项目房山区大件路、良三路、阎河路、G107路面修复小修工程已列入北京市交通委员会路政局2015年工程年度计划，并已', '北京市交通委员会路政局房山公路分局', '孙大为', '01067806076', '北京逸群工程咨询有限公司', '陈海宁', '69376304', 2014, 2015, 0, '是', '否', '', 0, '', ''),
(318, 3, 'd', 'ad', 'asd', 'adsd', '12', 'q2', '12', '122', 1430223300, 1430223300, 0, '是', '否', '11', 1430189302, '11', '122'),
(319, 2, '分到', '2', '2', '2', '2', '2', '2', '2', 1391356800, 1430223300, 0, '是', '否', '123', 1430188678, '3', '3'),
(320, 1, 'hot', '推荐不管用？', '有computer', 'miss', '899', '狼图腾', '小狼', '777', 1430223180, 1430223300, 4, '是', '否', '才', 1430192088, '从', '层'),
(321, 16, '大牛', 'you niu how long', '招商', '银行', '999', '中国', '银河', '000', 1388505600, 2015, 3, '是', '否', '', 1430192188, '', ''),
(322, 3, '为了爱', '所以爱', '想你', '的枣', '999', '爱的深', '伤的深', '888', 1420041600, 2015, 0, '是', '否', '', 1430193213, '', ''),
(323, 16, '武侯祠', '位于成都市武侯区，肇始于公元223年修建刘备惠陵时，它是中国唯一的一座君臣合祀祠庙和最负盛名的诸葛亮、刘备及蜀汉英雄纪念地', '招商', '银行', '999', '中国', '银河', '000', 1388505600, 2015, 3, '是', '是', '', 1430192188, '', ''),
(324, 3, '公元二三四年八月', '诸葛亮因积劳成疾，病卒于北伐前线的五丈原（今陕西宝鸡市岐山县城南约20公里），时年五十四岁', '想你', '的枣', '999', '爱的深', '伤的深', '888', 1420041600, 2015, 0, '是', '是', '', 1430193213, '', ''),
(325, 1, '文物区', '由惠陵、汉昭烈庙和武侯祠三部分组成，祠庙现存主体建筑（除惠陵）均为清康熙十一年（公元1672年）重建，坐北朝南，排列在一条中轴线上', '中标公告', '今日推荐', '999', '测试项目', '测试', '2', 2015, 1970, 1, '是', '是', '', 1430190630, '', ''),
(326, 1, '香蕉和芭蕉外形', '香蕉和芭蕉外形看起来非常相似，一般来说香蕉比芭蕉大一些，除了看大小以外，还能靠什么方式分辨这两种水果呢？', '中标公告', '今日推荐', '999', '测试项目', '测试', '2', 2015, 1970, 1, '是', '是', '', 1430201733, '', ''),
(327, 1, '香蕉外形', '香蕉和芭蕉外形看起来非常相似，一般来说香蕉比芭蕉大一些，除了看大小以外，还能靠什么方式分辨这两种水果呢？', '中标公告', '今日推荐', '999', '测试项目', '测试', '2', 2015, 1970, 1, '是', '是', '', 1430201733, '', ''),
(328, 16, '成都武侯祠', '位于成都市武侯区，肇始于公元223年修建刘备惠陵时，它是中国唯一的一座君臣合祀祠庙和最负盛名的诸葛亮、刘备及蜀汉英雄纪念地', '招商', '银行', '999', '中国', '银河', '000', 1388505600, 2015, 3, '是', '是', '', 1430192188, '', ''),
(329, 3, '公元二三四年', '诸葛亮因积劳成疾，病卒于北伐前线的五丈原（今陕西宝鸡市岐山县城南约20公里），时年五十四岁', '想你', '的枣', '999', '爱的深', '伤的深', '888', 1420041600, 2015, 0, '是', '是', '', 1430193213, '', ''),
(330, 1, '惠陵文物区', '由惠陵、汉昭烈庙和武侯祠三部分组成，祠庙现存主体建筑（除惠陵）均为清康熙十一年（公元1672年）重建，坐北朝南，排列在一条中轴线上', '中标公告', '今日推荐', '999', '测试项目', '测试', '2', 2015, 1970, 1, '是', '是', '', 1430190630, '', ''),
(331, 1, '今日推荐项目（沙河西区十八号路-满井桥）(监理)中标公告', '测试项目内容暂定二测试项目内容暂定二测试项目内容暂定二测试项目内容暂定二测试项目内容暂定二测试项目内容暂定二测试项目内容', '中标公告', '今日推荐', '999', '测试项目', '测试', '2', 2015, 1970, 1, '是', '是', '', 1430201733, '', ''),
(332, 4, '投资约400万元停车场智能化工程为', '电气安装工程、通风工程、停车场工程、围墙工程、环氧地坪、智能化工程、道路工程、土石方、消防工程、人防工程、场地平整、给排', '以上级别会员可查看', '以上级别会员可查看', '以上级别会员可查看', '以上级别会员可查看', '以上级别会员可查看', '以上级别会员可查看', 2015, 2, 0, '是', '是', '以上级别会员可查看', 1430201733, '以上级别会员可查看', '以上级别会员可查看'),
(333, 4, '车厘子和樱桃', '车厘子和樱桃，这对长相无差价格身段有别的水果，你是否傻傻分不清楚呢？车厘子到底是不是樱桃，两者有什么区别呢', '以上级别会员可查看', '以上级别会员可查看', '以上级别会员可查看', '以上级别会员可查看', '以上级别会员可查看', '以上级别会员可查看', 2015, 2, 0, '是', '是', '以上级别会员可查看', 1430201733, '以上级别会员可查看', '以上级别会员可查看'),
(334, 1, '香蕉和芭蕉外形', '香蕉和芭蕉外形看起来非常相似，一般来说香蕉比芭蕉大一些，除了看大小以外，还能靠什么方式分辨这两种水果呢？', '中标公告', '今日推荐', '999', '测试项目', '测试', '2', 2015, 1970, 1, '是', '是', '', 1430201733, '', ''),
(335, 16, '大牛', 'you niu how long', '招商', '银行', '999', '中国', '银河', '000', 1388505600, 2015, 3, '是', '是', '', 1430192188, '', ''),
(336, 3, '为了爱', '所以爱', '想你', '的枣', '999', '爱的深', '伤的深', '888', 1420041600, 2015, 0, '是', '是', '', 1430193213, '', ''),
(337, 1, '今日推荐项目（沙河西区十八号路-满井桥）(监理)中标公告', '测试项目内容暂定二测试项目内容暂定二测试项目内容暂定二测试项目内容暂定二测试项目内容暂定二测试项目内容暂定二测试项目内容', '中标公告', '今日推荐', '999', '测试项目', '测试', '2', 2015, 1970, 1, '是', '是', '', 1430190630, '', ''),
(338, 4, '投资约400万元停车场智能化工程为', '电气安装工程、通风工程、停车场工程、围墙工程、环氧地坪、智能化工程、道路工程、土石方、消防工程、人防工程、场地平整、给排', '以上级别会员可查看', '以上级别会员可查看', '以上级别会员可查看', '以上级别会员可查看', '以上级别会员可查看', '以上级别会员可查看', 2015, 2, 0, '是', '否', '以上级别会员可查看', 1430178079, '以上级别会员可查看', '以上级别会员可查看'),
(339, 1, 'G107路面修复小修工程 施工招标公告', '本招标项目房山区大件路、良三路、阎河路、G107路面修复小修工程已列入北京市交通委员会路政局2015年工程年度计划，并已', '北京市交通委员会路政局房山公路分局', '孙大为', '01067806076', '北京逸群工程咨询有限公司', '陈海宁', '69376304', 2014, 2015, 0, '是', '否', '', 0, '', ''),
(340, 3, 'd', 'ad', 'asd', 'adsd', '12', 'q2', '12', '122', 1430223300, 1430223300, 0, '是', '否', '11', 1430189302, '11', '122'),
(341, 2, '分到', '2', '2', '2', '2', '2', '2', '2', 1391356800, 1430223300, 0, '是', '否', '123', 1430188678, '3', '3'),
(342, 1, 'hot', '推荐不管用？', '有computer', 'miss', '899', '狼图腾', '小狼', '777', 1430223180, 1430223300, 4, '是', '否', '才', 1430192088, '从', '层'),
(343, 16, '大牛', 'you niu how long', '招商', '银行', '999', '中国', '银河', '000', 1388505600, 2015, 3, '是', '否', '', 1430192188, '', ''),
(344, 3, '为了爱', '所以爱', '想你', '的枣', '999', '爱的深', '伤的深', '888', 1420041600, 2015, 0, '是', '否', '', 1430193213, '', ''),
(345, 20, '1', '1', '1', '1', '1', '1', '1', '1', 1, 1970, 2, '是', '否', '', 1430191902, '', ''),
(346, 1, '今日推荐项目（沙河西区十八号路-满井桥）(监理)中标公告', '测试项目内容暂定二测试项目内容暂定二测试项目内容暂定二测试项目内容暂定二测试项目内容暂定二测试项目内容暂定二测试项目内容', '中标公告', '今日推荐', '999', '测试项目', '测试', '2', 2015, 1970, 1, '是', '否', '', 1430190630, '', ''),
(347, 4, '投资约400万元停车场智能化工程', '电气安装工程、通风工程、停车场工程、围墙工程、环氧地坪、智能化工程、道路工程、土石方、消防工程、人防工程、场地平整、给排', '以上级别会员可查看', '以上级别会员可查看', '以上级别会员可查看', '以上级别会员可查看', '以上级别会员可查看', '以上级别会员可查看', 2015, 2, 0, '是', '否', '以上级别会员可查看', 1430178079, '以上级别会员可查看', '以上级别会员可查看'),
(348, 1, 'G107路面修复小修工程 施工招标公告', '本招标项目房山区大件路、良三路、阎河路、G107路面修复小修工程已列入北京市交通委员会路政局2015年工程年度计划，并已', '北京市交通委员会路政局房山公路分局', '孙大为', '01067806076', '北京逸群工程咨询有限公司', '陈海宁', '69376304', 2014, 2015, 0, '是', '否', '', 0, '', ''),
(349, 3, 'd', 'ad', 'asd', 'adsd', '12', 'q2', '12', '122', 1430223300, 1430223300, 0, '是', '否', '11', 1430189302, '11', '122'),
(350, 2, '分到', '2', '2', '2', '2', '2', '2', '2', 1391356800, 1430223300, 0, '是', '否', '123', 1430188678, '3', '3'),
(351, 1, 'hot', '推荐不管用？', '有computer', 'miss', '899', '狼图腾', '小狼', '777', 1430223180, 1430223300, 4, '是', '否', '才', 1430192088, '从', '层'),
(352, 16, '大牛', 'you niu how long', '招商', '银行', '999', '中国', '银河', '000', 1388505600, 2015, 3, '是', '否', '', 1430192188, '', ''),
(353, 3, '为了爱', '所以爱', '想你', '的枣', '999', '爱的深', '伤的深', '888', 1420041600, 2015, 0, '是', '否', '', 1430193213, '', ''),
(354, 20, '1', '1', '1', '1', '1', '1', '1', '1', 1, 1970, 2, '是', '否', '', 1430191902, '', ''),
(355, 1, '今日推荐项目（沙河西区十八号路-满井桥）(监理)中标公告', '测试项目内容暂定二测试项目内容暂定二测试项目内容暂定二测试项目内容暂定二测试项目内容暂定二测试项目内容暂定二测试项目内容', '中标公告', '今日推荐', '999', '测试项目', '测试', '2', 2015, 1970, 1, '是', '否', '', 1430190630, '', ''),
(356, 4, '投资约400万元停车场智能化工程', '电气安装工程、通风工程、停车场工程、围墙工程、环氧地坪、智能化工程、道路工程、土石方、消防工程、人防工程、场地平整、给排', '以上级别会员可查看', '以上级别会员可查看', '以上级别会员可查看', '以上级别会员可查看', '以上级别会员可查看', '以上级别会员可查看', 2015, 2, 0, '是', '否', '以上级别会员可查看', 1430178079, '以上级别会员可查看', '以上级别会员可查看'),
(357, 1, 'G107路面修复小修工程 施工招标公为', '本招标项目房山区大件路、良三路、阎河路、G107路面修复小修工程已列入北京市交通委员会路政局2015年工程年度计划，并已', '北京市交通委员会路政局房山公路分局', '孙大为', '01067806076', '北京逸群工程咨询有限公司', '陈海宁', '69376304', 2014, 2015, 0, '是', '否', '', 0, '', ''),
(358, 3, 'd', 'ad', 'asd', 'adsd', '12', 'q2', '12', '122', 1430223300, 1430223300, 0, '是', '否', '11', 1430189302, '11', '122'),
(359, 2, '分到', '2', '2', '2', '2', '2', '2', '2', 1391356800, 1430223300, 0, '是', '否', '123', 1430188678, '3', '3'),
(360, 1, 'hot', '推荐不管用？', '有computer', 'miss', '899', '狼图腾', '小狼', '777', 1430223180, 1430223300, 4, '是', '否', '才', 1430192088, '从', '层'),
(361, 16, '大牛', 'you niu how long', '招商', '银行', '999', '中国', '银河', '000', 1388505600, 2015, 3, '是', '否', '', 1430192188, '', ''),
(362, 3, '为了爱', '所以爱', '想你', '的枣', '999', '爱的深', '伤的深', '888', 1420041600, 2015, 0, '是', '否', '', 1430193213, '', ''),
(363, 16, '武侯祠', '位于成都市武侯区，肇始于公元223年修建刘备惠陵时，它是中国唯一的一座君臣合祀祠庙和最负盛名的诸葛亮、刘备及蜀汉英雄纪念地', '招商', '银行', '999', '中国', '银河', '000', 1388505600, 2015, 3, '是', '是', '', 1430192188, '', ''),
(364, 3, '公元二三四年八月', '诸葛亮因积劳成疾，病卒于北伐前线的五丈原（今陕西宝鸡市岐山县城南约20公里），时年五十四岁', '想你', '的枣', '999', '爱的深', '伤的深', '888', 1420041600, 2015, 0, '是', '是', '', 1430193213, '', ''),
(365, 1, '文物区', '由惠陵、汉昭烈庙和武侯祠三部分组成，祠庙现存主体建筑（除惠陵）均为清康熙十一年（公元1672年）重建，坐北朝南，排列在一条中轴线上', '中标公告', '今日推荐', '999', '测试项目', '测试', '2', 2015, 1970, 1, '是', '是', '', 1430190630, '', ''),
(366, 1, '香蕉和芭蕉外形', '香蕉和芭蕉外形看起来非常相似，一般来说香蕉比芭蕉大一些，除了看大小以外，还能靠什么方式分辨这两种水果呢？', '中标公告', '今日推荐', '999', '测试项目', '测试', '2', 2015, 1970, 1, '是', '是', '', 1430201733, '', ''),
(367, 1, '香蕉外形', '香蕉和芭蕉外形看起来非常相似，一般来说香蕉比芭蕉大一些，除了看大小以外，还能靠什么方式分辨这两种水果呢？', '中标公告', '今日推荐', '999', '测试项目', '测试', '2', 2015, 1970, 1, '是', '是', '', 1430201733, '', ''),
(368, 16, '成都武侯祠', '位于成都市武侯区，肇始于公元223年修建刘备惠陵时，它是中国唯一的一座君臣合祀祠庙和最负盛名的诸葛亮、刘备及蜀汉英雄纪念地', '招商', '银行', '999', '中国', '银河', '000', 1388505600, 2015, 3, '是', '是', '', 1430192188, '', '');
INSERT INTO `zr_infos` (`infoid`, `provinceid`, `title`, `content`, `ownerunit`, `ownercontacts`, `ownerphone`, `biddingunit`, `biddingcontacts`, `biddingphone`, `putDatetime`, `biddingdatetime`, `biddingstatusid`, `is_on_sale`, `is_hot`, `areaName`, `createDatetime`, `originalURL`, `sourceWeb`) VALUES
(369, 3, '公元二三四年', '诸葛亮因积劳成疾，病卒于北伐前线的五丈原（今陕西宝鸡市岐山县城南约20公里），时年五十四岁', '想你', '的枣', '999', '爱的深', '伤的深', '888', 1420041600, 2015, 0, '是', '是', '', 1430193213, '', ''),
(370, 1, '惠陵文物区', '由惠陵、汉昭烈庙和武侯祠三部分组成，祠庙现存主体建筑（除惠陵）均为清康熙十一年（公元1672年）重建，坐北朝南，排列在一条中轴线上', '中标公告', '今日推荐', '999', '测试项目', '测试', '2', 2015, 1970, 1, '是', '是', '', 1430190630, '', ''),
(371, 1, '今日推荐项目（沙河西区十八号路-满井桥）(监理)中标公告', '测试项目内容暂定二测试项目内容暂定二测试项目内容暂定二测试项目内容暂定二测试项目内容暂定二测试项目内容暂定二测试项目内容', '中标公告', '今日推荐', '999', '测试项目', '测试', '2', 2015, 1970, 1, '是', '是', '', 1430201733, '', ''),
(372, 4, '投资约400万元停车场智能化工程为', '电气安装工程、通风工程、停车场工程、围墙工程、环氧地坪、智能化工程、道路工程、土石方、消防工程、人防工程、场地平整、给排', '以上级别会员可查看', '以上级别会员可查看', '以上级别会员可查看', '以上级别会员可查看', '以上级别会员可查看', '以上级别会员可查看', 2015, 2, 0, '是', '是', '以上级别会员可查看', 1430201733, '以上级别会员可查看', '以上级别会员可查看'),
(373, 4, '车厘子和樱桃', '车厘子和樱桃，这对长相无差价格身段有别的水果，你是否傻傻分不清楚呢？车厘子到底是不是樱桃，两者有什么区别呢', '以上级别会员可查看', '以上级别会员可查看', '以上级别会员可查看', '以上级别会员可查看', '以上级别会员可查看', '以上级别会员可查看', 2015, 2, 0, '是', '是', '以上级别会员可查看', 1430201733, '以上级别会员可查看', '以上级别会员可查看'),
(374, 1, '香蕉和芭蕉外形', '香蕉和芭蕉外形看起来非常相似，一般来说香蕉比芭蕉大一些，除了看大小以外，还能靠什么方式分辨这两种水果呢？', '中标公告', '今日推荐', '999', '测试项目', '测试', '2', 2015, 1970, 1, '是', '是', '', 1430201733, '', ''),
(375, 16, '大牛', 'you niu how long', '招商', '银行', '999', '中国', '银河', '000', 1388505600, 2015, 3, '是', '是', '', 1430192188, '', ''),
(376, 3, '为了爱', '所以爱', '想你', '的枣', '999', '爱的深', '伤的深', '888', 1420041600, 2015, 0, '是', '是', '', 1430193213, '', ''),
(377, 1, '今日推荐项目（沙河西区十八号路-满井桥）(监理)中标公告', '测试项目内容暂定二测试项目内容暂定二测试项目内容暂定二测试项目内容暂定二测试项目内容暂定二测试项目内容暂定二测试项目内容', '中标公告', '今日推荐', '999', '测试项目', '测试', '2', 2015, 1970, 1, '是', '是', '', 1430190630, '', ''),
(378, 4, '投资约400万元停车场智能化工程为', '电气安装工程、通风工程、停车场工程、围墙工程、环氧地坪、智能化工程、道路工程、土石方、消防工程、人防工程、场地平整、给排', '以上级别会员可查看', '以上级别会员可查看', '以上级别会员可查看', '以上级别会员可查看', '以上级别会员可查看', '以上级别会员可查看', 2015, 2, 0, '是', '否', '以上级别会员可查看', 1430178079, '以上级别会员可查看', '以上级别会员可查看'),
(379, 1, 'G107路面修复小修工程 施工招标公告', '本招标项目房山区大件路、良三路、阎河路、G107路面修复小修工程已列入北京市交通委员会路政局2015年工程年度计划，并已', '北京市交通委员会路政局房山公路分局', '孙大为', '01067806076', '北京逸群工程咨询有限公司', '陈海宁', '69376304', 2014, 2015, 0, '是', '否', '', 0, '', ''),
(380, 3, 'd', 'ad', 'asd', 'adsd', '12', 'q2', '12', '122', 1430223300, 1430223300, 0, '是', '否', '11', 1430189302, '11', '122'),
(381, 2, '分到', '2', '2', '2', '2', '2', '2', '2', 1391356800, 1430223300, 0, '是', '否', '123', 1430188678, '3', '3'),
(382, 1, 'hot', '推荐不管用？', '有computer', 'miss', '899', '狼图腾', '小狼', '777', 1430223180, 1430223300, 4, '是', '否', '才', 1430192088, '从', '层'),
(383, 16, '大牛', 'you niu how long', '招商', '银行', '999', '中国', '银河', '000', 1388505600, 2015, 3, '是', '否', '', 1430192188, '', ''),
(384, 3, '为了爱', '所以爱', '想你', '的枣', '999', '爱的深', '伤的深', '888', 1420041600, 2015, 0, '是', '否', '', 1430193213, '', ''),
(385, 20, '1', '1', '1', '1', '1', '1', '1', '1', 1, 1970, 2, '是', '否', '', 1430191902, '', ''),
(386, 1, '今日推荐项目（沙河西区十八号路-满井桥）(监理)中标公告', '测试项目内容暂定二测试项目内容暂定二测试项目内容暂定二测试项目内容暂定二测试项目内容暂定二测试项目内容暂定二测试项目内容', '中标公告', '今日推荐', '999', '测试项目', '测试', '2', 2015, 1970, 1, '是', '否', '', 1430190630, '', ''),
(387, 4, '投资约400万元停车场智能化工程', '电气安装工程、通风工程、停车场工程、围墙工程、环氧地坪、智能化工程、道路工程、土石方、消防工程、人防工程、场地平整、给排', '以上级别会员可查看', '以上级别会员可查看', '以上级别会员可查看', '以上级别会员可查看', '以上级别会员可查看', '以上级别会员可查看', 2015, 2, 0, '是', '否', '以上级别会员可查看', 1430178079, '以上级别会员可查看', '以上级别会员可查看'),
(388, 1, 'G107路面修复小修工程 施工招标公告', '本招标项目房山区大件路、良三路、阎河路、G107路面修复小修工程已列入北京市交通委员会路政局2015年工程年度计划，并已', '北京市交通委员会路政局房山公路分局', '孙大为', '01067806076', '北京逸群工程咨询有限公司', '陈海宁', '69376304', 2014, 2015, 0, '是', '否', '', 0, '', ''),
(389, 3, 'd', 'ad', 'asd', 'adsd', '12', 'q2', '12', '122', 1430223300, 1430223300, 0, '是', '否', '11', 1430189302, '11', '122'),
(390, 2, '分到', '2', '2', '2', '2', '2', '2', '2', 1391356800, 1430223300, 0, '是', '否', '123', 1430188678, '3', '3'),
(391, 1, 'hot', '推荐不管用？', '有computer', 'miss', '899', '狼图腾', '小狼', '777', 1430223180, 1430223300, 4, '是', '否', '才', 1430192088, '从', '层'),
(392, 16, '大牛', 'you niu how long', '招商', '银行', '999', '中国', '银河', '000', 1388505600, 2015, 3, '是', '否', '', 1430192188, '', ''),
(393, 3, '为了爱', '所以爱', '想你', '的枣', '999', '爱的深', '伤的深', '888', 1420041600, 2015, 0, '是', '否', '', 1430193213, '', ''),
(394, 20, '1', '1', '1', '1', '1', '1', '1', '1', 1, 1970, 2, '是', '否', '', 1430191902, '', ''),
(395, 1, '今日推荐项目（沙河西区十八号路-满井桥）(监理)中标公告', '测试项目内容暂定二测试项目内容暂定二测试项目内容暂定二测试项目内容暂定二测试项目内容暂定二测试项目内容暂定二测试项目内容', '中标公告', '今日推荐', '999', '测试项目', '测试', '2', 2015, 1970, 1, '是', '否', '', 1430190630, '', ''),
(396, 4, '投资约400万元停车场智能化工程', '电气安装工程、通风工程、停车场工程、围墙工程、环氧地坪、智能化工程、道路工程、土石方、消防工程、人防工程、场地平整、给排', '以上级别会员可查看', '以上级别会员可查看', '以上级别会员可查看', '以上级别会员可查看', '以上级别会员可查看', '以上级别会员可查看', 2015, 2, 0, '是', '否', '以上级别会员可查看', 1430178079, '以上级别会员可查看', '以上级别会员可查看'),
(397, 1, 'G107路面修复小修工程 施工招标公为', '本招标项目房山区大件路、良三路、阎河路、G107路面修复小修工程已列入北京市交通委员会路政局2015年工程年度计划，并已', '北京市交通委员会路政局房山公路分局', '孙大为', '01067806076', '北京逸群工程咨询有限公司', '陈海宁', '69376304', 2014, 2015, 0, '是', '否', '', 0, '', ''),
(398, 3, 'd', 'ad', 'asd', 'adsd', '12', 'q2', '12', '122', 1430223300, 1430223300, 0, '是', '否', '11', 1430189302, '11', '122'),
(399, 2, '分到', '2', '2', '2', '2', '2', '2', '2', 1391356800, 1430223300, 0, '是', '否', '123', 1430188678, '3', '3'),
(400, 1, 'hot', '推荐不管用？', '有computer', 'miss', '899', '狼图腾', '小狼', '777', 1430223180, 1430223300, 4, '是', '否', '才', 1430192088, '从', '层'),
(401, 16, '大牛', 'you niu how long', '招商', '银行', '999', '中国', '银河', '000', 1388505600, 2015, 3, '是', '否', '', 1430192188, '', ''),
(402, 3, '为了爱', '所以爱', '想你', '的枣', '999', '爱的深', '伤的深', '888', 1420041600, 2015, 0, '是', '否', '', 1430193213, '', ''),
(403, 16, '武侯祠', '位于成都市武侯区，肇始于公元223年修建刘备惠陵时，它是中国唯一的一座君臣合祀祠庙和最负盛名的诸葛亮、刘备及蜀汉英雄纪念地', '招商', '银行', '999', '中国', '银河', '000', 1388505600, 2015, 3, '是', '是', '', 1430192188, '', ''),
(404, 3, '公元二三四年八月', '诸葛亮因积劳成疾，病卒于北伐前线的五丈原（今陕西宝鸡市岐山县城南约20公里），时年五十四岁', '想你', '的枣', '999', '爱的深', '伤的深', '888', 1420041600, 2015, 0, '是', '是', '', 1430193213, '', ''),
(405, 1, '文物区', '由惠陵、汉昭烈庙和武侯祠三部分组成，祠庙现存主体建筑（除惠陵）均为清康熙十一年（公元1672年）重建，坐北朝南，排列在一条中轴线上', '中标公告', '今日推荐', '999', '测试项目', '测试', '2', 2015, 1970, 1, '是', '是', '', 1430190630, '', ''),
(406, 1, '香蕉和芭蕉外形', '香蕉和芭蕉外形看起来非常相似，一般来说香蕉比芭蕉大一些，除了看大小以外，还能靠什么方式分辨这两种水果呢？', '中标公告', '今日推荐', '999', '测试项目', '测试', '2', 2015, 1970, 1, '是', '是', '', 1430201733, '', ''),
(407, 1, '香蕉外形', '香蕉和芭蕉外形看起来非常相似，一般来说香蕉比芭蕉大一些，除了看大小以外，还能靠什么方式分辨这两种水果呢？', '中标公告', '今日推荐', '999', '测试项目', '测试', '2', 2015, 1970, 1, '是', '是', '', 1430201733, '', ''),
(408, 16, '成都武侯祠', '位于成都市武侯区，肇始于公元223年修建刘备惠陵时，它是中国唯一的一座君臣合祀祠庙和最负盛名的诸葛亮、刘备及蜀汉英雄纪念地', '招商', '银行', '999', '中国', '银河', '000', 1388505600, 2015, 3, '是', '是', '', 1430192188, '', ''),
(409, 3, '公元二三四年', '诸葛亮因积劳成疾，病卒于北伐前线的五丈原（今陕西宝鸡市岐山县城南约20公里），时年五十四岁', '想你', '的枣', '999', '爱的深', '伤的深', '888', 1420041600, 2015, 0, '是', '是', '', 1430193213, '', ''),
(410, 1, '惠陵文物区', '由惠陵、汉昭烈庙和武侯祠三部分组成，祠庙现存主体建筑（除惠陵）均为清康熙十一年（公元1672年）重建，坐北朝南，排列在一条中轴线上', '中标公告', '今日推荐', '999', '测试项目', '测试', '2', 2015, 1970, 1, '是', '是', '', 1430190630, '', ''),
(411, 1, '今日推荐项目（沙河西区十八号路-满井桥）(监理)中标公告', '测试项目内容暂定二测试项目内容暂定二测试项目内容暂定二测试项目内容暂定二测试项目内容暂定二测试项目内容暂定二测试项目内容', '中标公告', '今日推荐', '999', '测试项目', '测试', '2', 2015, 1970, 1, '是', '是', '', 1430201733, '', ''),
(412, 4, '投资约400万元停车场智能化工程为', '电气安装工程、通风工程、停车场工程、围墙工程、环氧地坪、智能化工程、道路工程、土石方、消防工程、人防工程、场地平整、给排', '以上级别会员可查看', '以上级别会员可查看', '以上级别会员可查看', '以上级别会员可查看', '以上级别会员可查看', '以上级别会员可查看', 2015, 2, 0, '是', '是', '以上级别会员可查看', 1430201733, '以上级别会员可查看', '以上级别会员可查看'),
(413, 4, '车厘子和樱桃', '车厘子和樱桃，这对长相无差价格身段有别的水果，你是否傻傻分不清楚呢？车厘子到底是不是樱桃，两者有什么区别呢', '以上级别会员可查看', '以上级别会员可查看', '以上级别会员可查看', '以上级别会员可查看', '以上级别会员可查看', '以上级别会员可查看', 2015, 2, 0, '是', '是', '以上级别会员可查看', 1430201733, '以上级别会员可查看', '以上级别会员可查看'),
(414, 1, '香蕉和芭蕉外形', '香蕉和芭蕉外形看起来非常相似，一般来说香蕉比芭蕉大一些，除了看大小以外，还能靠什么方式分辨这两种水果呢？', '中标公告', '今日推荐', '999', '测试项目', '测试', '2', 2015, 1970, 1, '是', '是', '', 1430201733, '', ''),
(415, 16, '大牛', 'you niu how long', '招商', '银行', '999', '中国', '银河', '000', 1388505600, 2015, 3, '是', '是', '', 1430192188, '', ''),
(416, 3, '为了爱', '所以爱', '想你', '的枣', '999', '爱的深', '伤的深', '888', 1420041600, 2015, 0, '是', '是', '', 1430193213, '', ''),
(417, 1, '今日推荐项目（沙河西区十八号路-满井桥）(监理)中标公告', '测试项目内容暂定二测试项目内容暂定二测试项目内容暂定二测试项目内容暂定二测试项目内容暂定二测试项目内容暂定二测试项目内容', '中标公告', '今日推荐', '999', '测试项目', '测试', '2', 2015, 1970, 1, '是', '是', '', 1430190630, '', ''),
(418, 4, '投资约400万元停车场智能化工程为', '电气安装工程、通风工程、停车场工程、围墙工程、环氧地坪、智能化工程、道路工程、土石方、消防工程、人防工程、场地平整、给排', '以上级别会员可查看', '以上级别会员可查看', '以上级别会员可查看', '以上级别会员可查看', '以上级别会员可查看', '以上级别会员可查看', 2015, 2, 0, '是', '否', '以上级别会员可查看', 1430178079, '以上级别会员可查看', '以上级别会员可查看'),
(419, 1, 'G107路面修复小修工程 施工招标公告', '本招标项目房山区大件路、良三路、阎河路、G107路面修复小修工程已列入北京市交通委员会路政局2015年工程年度计划，并已', '北京市交通委员会路政局房山公路分局', '孙大为', '01067806076', '北京逸群工程咨询有限公司', '陈海宁', '69376304', 2014, 2015, 0, '是', '否', '', 0, '', ''),
(420, 3, 'd', 'ad', 'asd', 'adsd', '12', 'q2', '12', '122', 1430223300, 1430223300, 0, '是', '否', '11', 1430189302, '11', '122'),
(421, 2, '分到', '2', '2', '2', '2', '2', '2', '2', 1391356800, 1430223300, 0, '是', '否', '123', 1430188678, '3', '3'),
(422, 1, 'hot', '推荐不管用？', '有computer', 'miss', '899', '狼图腾', '小狼', '777', 1430223180, 1430223300, 4, '是', '否', '才', 1430192088, '从', '层'),
(423, 16, '大牛', 'you niu how long', '招商', '银行', '999', '中国', '银河', '000', 1388505600, 2015, 3, '是', '否', '', 1430192188, '', ''),
(424, 3, '为了爱', '所以爱', '想你', '的枣', '999', '爱的深', '伤的深', '888', 1420041600, 2015, 0, '是', '否', '', 1430193213, '', ''),
(425, 20, '1', '1', '1', '1', '1', '1', '1', '1', 1, 1970, 2, '是', '否', '', 1430191902, '', ''),
(426, 1, '今日推荐项目（沙河西区十八号路-满井桥）(监理)中标公告', '测试项目内容暂定二测试项目内容暂定二测试项目内容暂定二测试项目内容暂定二测试项目内容暂定二测试项目内容暂定二测试项目内容', '中标公告', '今日推荐', '999', '测试项目', '测试', '2', 2015, 1970, 1, '是', '否', '', 1430190630, '', ''),
(427, 4, '投资约400万元停车场智能化工程', '电气安装工程、通风工程、停车场工程、围墙工程、环氧地坪、智能化工程、道路工程、土石方、消防工程、人防工程、场地平整、给排', '以上级别会员可查看', '以上级别会员可查看', '以上级别会员可查看', '以上级别会员可查看', '以上级别会员可查看', '以上级别会员可查看', 2015, 2, 0, '是', '否', '以上级别会员可查看', 1430178079, '以上级别会员可查看', '以上级别会员可查看'),
(428, 1, 'G107路面修复小修工程 施工招标公告', '本招标项目房山区大件路、良三路、阎河路、G107路面修复小修工程已列入北京市交通委员会路政局2015年工程年度计划，并已', '北京市交通委员会路政局房山公路分局', '孙大为', '01067806076', '北京逸群工程咨询有限公司', '陈海宁', '69376304', 2014, 2015, 0, '是', '否', '', 0, '', ''),
(429, 3, 'd', 'ad', 'asd', 'adsd', '12', 'q2', '12', '122', 1430223300, 1430223300, 0, '是', '否', '11', 1430189302, '11', '122'),
(430, 2, '分到', '2', '2', '2', '2', '2', '2', '2', 1391356800, 1430223300, 0, '是', '否', '123', 1430188678, '3', '3'),
(431, 1, 'hot', '推荐不管用？', '有computer', 'miss', '899', '狼图腾', '小狼', '777', 1430223180, 1430223300, 4, '是', '否', '才', 1430192088, '从', '层'),
(432, 16, '大牛', 'you niu how long', '招商', '银行', '999', '中国', '银河', '000', 1388505600, 2015, 3, '是', '否', '', 1430192188, '', ''),
(433, 3, '为了爱', '所以爱', '想你', '的枣', '999', '爱的深', '伤的深', '888', 1420041600, 2015, 0, '是', '否', '', 1430193213, '', ''),
(434, 20, '1', '1', '1', '1', '1', '1', '1', '1', 1, 1970, 2, '是', '否', '', 1430191902, '', ''),
(435, 1, '今日推荐项目（沙河西区十八号路-满井桥）(监理)中标公告', '测试项目内容暂定二测试项目内容暂定二测试项目内容暂定二测试项目内容暂定二测试项目内容暂定二测试项目内容暂定二测试项目内容', '中标公告', '今日推荐', '999', '测试项目', '测试', '2', 2015, 1970, 1, '是', '否', '', 1430190630, '', ''),
(436, 4, '投资约400万元停车场智能化工程', '电气安装工程、通风工程、停车场工程、围墙工程、环氧地坪、智能化工程、道路工程、土石方、消防工程、人防工程、场地平整、给排', '以上级别会员可查看', '以上级别会员可查看', '以上级别会员可查看', '以上级别会员可查看', '以上级别会员可查看', '以上级别会员可查看', 2015, 2, 0, '是', '否', '以上级别会员可查看', 1430178079, '以上级别会员可查看', '以上级别会员可查看'),
(437, 1, 'G107路面修复小修工程 施工招标公为', '本招标项目房山区大件路、良三路、阎河路、G107路面修复小修工程已列入北京市交通委员会路政局2015年工程年度计划，并已', '北京市交通委员会路政局房山公路分局', '孙大为', '01067806076', '北京逸群工程咨询有限公司', '陈海宁', '69376304', 2014, 2015, 0, '是', '否', '', 0, '', ''),
(438, 3, 'd', 'ad', 'asd', 'adsd', '12', 'q2', '12', '122', 1430223300, 1430223300, 0, '是', '否', '11', 1430189302, '11', '122'),
(439, 2, '分到', '2', '2', '2', '2', '2', '2', '2', 1391356800, 1430223300, 0, '是', '否', '123', 1430188678, '3', '3'),
(440, 1, 'hot', '推荐不管用？', '有computer', 'miss', '899', '狼图腾', '小狼', '777', 1430223180, 1430223300, 4, '是', '否', '才', 1430192088, '从', '层'),
(441, 16, '大牛', 'you niu how long', '招商', '银行', '999', '中国', '银河', '000', 1388505600, 2015, 3, '是', '否', '', 1430192188, '', ''),
(442, 3, '为了爱', '所以爱', '想你', '的枣', '999', '爱的深', '伤的深', '888', 1420041600, 2015, 0, '是', '否', '', 1430193213, '', ''),
(443, 16, '武侯祠', '位于成都市武侯区，肇始于公元223年修建刘备惠陵时，它是中国唯一的一座君臣合祀祠庙和最负盛名的诸葛亮、刘备及蜀汉英雄纪念地', '招商', '银行', '999', '中国', '银河', '000', 1388505600, 2015, 3, '是', '是', '', 1430192188, '', ''),
(444, 3, '公元二三四年八月', '诸葛亮因积劳成疾，病卒于北伐前线的五丈原（今陕西宝鸡市岐山县城南约20公里），时年五十四岁', '想你', '的枣', '999', '爱的深', '伤的深', '888', 1420041600, 2015, 0, '是', '是', '', 1430193213, '', ''),
(445, 1, '文物区', '由惠陵、汉昭烈庙和武侯祠三部分组成，祠庙现存主体建筑（除惠陵）均为清康熙十一年（公元1672年）重建，坐北朝南，排列在一条中轴线上', '中标公告', '今日推荐', '999', '测试项目', '测试', '2', 2015, 1970, 1, '是', '是', '', 1430190630, '', ''),
(446, 1, '香蕉和芭蕉外形', '香蕉和芭蕉外形看起来非常相似，一般来说香蕉比芭蕉大一些，除了看大小以外，还能靠什么方式分辨这两种水果呢？', '中标公告', '今日推荐', '999', '测试项目', '测试', '2', 2015, 1970, 1, '是', '是', '', 1430201733, '', ''),
(447, 1, '香蕉外形', '香蕉和芭蕉外形看起来非常相似，一般来说香蕉比芭蕉大一些，除了看大小以外，还能靠什么方式分辨这两种水果呢？', '中标公告', '今日推荐', '999', '测试项目', '测试', '2', 2015, 1970, 1, '是', '是', '', 1430201733, '', ''),
(448, 16, '成都武侯祠', '位于成都市武侯区，肇始于公元223年修建刘备惠陵时，它是中国唯一的一座君臣合祀祠庙和最负盛名的诸葛亮、刘备及蜀汉英雄纪念地', '招商', '银行', '999', '中国', '银河', '000', 1388505600, 2015, 3, '是', '是', '', 1430192188, '', ''),
(449, 3, '公元二三四年', '诸葛亮因积劳成疾，病卒于北伐前线的五丈原（今陕西宝鸡市岐山县城南约20公里），时年五十四岁', '想你', '的枣', '999', '爱的深', '伤的深', '888', 1420041600, 2015, 0, '是', '是', '', 1430193213, '', ''),
(450, 1, '惠陵文物区', '由惠陵、汉昭烈庙和武侯祠三部分组成，祠庙现存主体建筑（除惠陵）均为清康熙十一年（公元1672年）重建，坐北朝南，排列在一条中轴线上', '中标公告', '今日推荐', '999', '测试项目', '测试', '2', 2015, 1970, 1, '是', '是', '', 1430190630, '', ''),
(451, 1, '今日推荐项目（沙河西区十八号路-满井桥）(监理)中标公告', '测试项目内容暂定二测试项目内容暂定二测试项目内容暂定二测试项目内容暂定二测试项目内容暂定二测试项目内容暂定二测试项目内容', '中标公告', '今日推荐', '999', '测试项目', '测试', '2', 2015, 1970, 1, '是', '是', '', 1430201733, '', ''),
(452, 4, '投资约400万元停车场智能化工程为', '电气安装工程、通风工程、停车场工程、围墙工程、环氧地坪、智能化工程、道路工程、土石方、消防工程、人防工程、场地平整、给排', '以上级别会员可查看', '以上级别会员可查看', '以上级别会员可查看', '以上级别会员可查看', '以上级别会员可查看', '以上级别会员可查看', 2015, 2, 0, '是', '是', '以上级别会员可查看', 1430201733, '以上级别会员可查看', '以上级别会员可查看'),
(453, 4, '车厘子和樱桃', '车厘子和樱桃，这对长相无差价格身段有别的水果，你是否傻傻分不清楚呢？车厘子到底是不是樱桃，两者有什么区别呢', '以上级别会员可查看', '以上级别会员可查看', '以上级别会员可查看', '以上级别会员可查看', '以上级别会员可查看', '以上级别会员可查看', 2015, 2, 0, '是', '是', '以上级别会员可查看', 1430201733, '以上级别会员可查看', '以上级别会员可查看'),
(454, 1, '香蕉和芭蕉外形', '香蕉和芭蕉外形看起来非常相似，一般来说香蕉比芭蕉大一些，除了看大小以外，还能靠什么方式分辨这两种水果呢？', '中标公告', '今日推荐', '999', '测试项目', '测试', '2', 2015, 1970, 1, '是', '是', '', 1430201733, '', ''),
(455, 16, '大牛', 'you niu how long', '招商', '银行', '999', '中国', '银河', '000', 1388505600, 2015, 3, '是', '是', '', 1430192188, '', ''),
(456, 3, '为了爱', '所以爱', '想你', '的枣', '999', '爱的深', '伤的深', '888', 1420041600, 2015, 0, '是', '是', '', 1430193213, '', ''),
(457, 1, '今日推荐项目（沙河西区十八号路-满井桥）(监理)中标公告', '测试项目内容暂定二测试项目内容暂定二测试项目内容暂定二测试项目内容暂定二测试项目内容暂定二测试项目内容暂定二测试项目内容', '中标公告', '今日推荐', '999', '测试项目', '测试', '2', 2015, 1970, 1, '是', '是', '', 1430190630, '', ''),
(458, 4, '投资约400万元停车场智能化工程为', '电气安装工程、通风工程、停车场工程、围墙工程、环氧地坪、智能化工程、道路工程、土石方、消防工程、人防工程、场地平整、给排', '以上级别会员可查看', '以上级别会员可查看', '以上级别会员可查看', '以上级别会员可查看', '以上级别会员可查看', '以上级别会员可查看', 2015, 2, 0, '是', '否', '以上级别会员可查看', 1430178079, '以上级别会员可查看', '以上级别会员可查看'),
(459, 1, 'G107路面修复小修工程 施工招标公告', '本招标项目房山区大件路、良三路、阎河路、G107路面修复小修工程已列入北京市交通委员会路政局2015年工程年度计划，并已', '北京市交通委员会路政局房山公路分局', '孙大为', '01067806076', '北京逸群工程咨询有限公司', '陈海宁', '69376304', 2014, 2015, 0, '是', '否', '', 0, '', ''),
(460, 3, 'd', 'ad', 'asd', 'adsd', '12', 'q2', '12', '122', 1430223300, 1430223300, 0, '是', '否', '11', 1430189302, '11', '122'),
(461, 2, '分到', '2', '2', '2', '2', '2', '2', '2', 1391356800, 1430223300, 0, '是', '否', '123', 1430188678, '3', '3'),
(462, 1, 'hot', '推荐不管用？', '有computer', 'miss', '899', '狼图腾', '小狼', '777', 1430223180, 1430223300, 4, '是', '否', '才', 1430192088, '从', '层'),
(463, 16, '大牛', 'you niu how long', '招商', '银行', '999', '中国', '银河', '000', 1388505600, 2015, 3, '是', '否', '', 1430192188, '', ''),
(464, 3, '为了爱', '所以爱', '想你', '的枣', '999', '爱的深', '伤的深', '888', 1420041600, 2015, 0, '是', '否', '', 1430193213, '', ''),
(465, 20, '1', '1', '1', '1', '1', '1', '1', '1', 1, 1970, 2, '是', '否', '', 1430191902, '', ''),
(466, 1, '今日推荐项目（沙河西区十八号路-满井桥）(监理)中标公告', '测试项目内容暂定二测试项目内容暂定二测试项目内容暂定二测试项目内容暂定二测试项目内容暂定二测试项目内容暂定二测试项目内容', '中标公告', '今日推荐', '999', '测试项目', '测试', '2', 2015, 1970, 1, '是', '否', '', 1430190630, '', ''),
(467, 4, '投资约400万元停车场智能化工程', '电气安装工程、通风工程、停车场工程、围墙工程、环氧地坪、智能化工程、道路工程、土石方、消防工程、人防工程、场地平整、给排', '以上级别会员可查看', '以上级别会员可查看', '以上级别会员可查看', '以上级别会员可查看', '以上级别会员可查看', '以上级别会员可查看', 2015, 2, 0, '是', '否', '以上级别会员可查看', 1430178079, '以上级别会员可查看', '以上级别会员可查看'),
(468, 1, 'G107路面修复小修工程 施工招标公告', '本招标项目房山区大件路、良三路、阎河路、G107路面修复小修工程已列入北京市交通委员会路政局2015年工程年度计划，并已', '北京市交通委员会路政局房山公路分局', '孙大为', '01067806076', '北京逸群工程咨询有限公司', '陈海宁', '69376304', 2014, 2015, 0, '是', '否', '', 0, '', ''),
(469, 3, 'd', 'ad', 'asd', 'adsd', '12', 'q2', '12', '122', 1430223300, 1430223300, 0, '是', '否', '11', 1430189302, '11', '122'),
(470, 2, '分到', '2', '2', '2', '2', '2', '2', '2', 1391356800, 1430223300, 0, '是', '否', '123', 1430188678, '3', '3'),
(471, 1, 'hot', '推荐不管用？', '有computer', 'miss', '899', '狼图腾', '小狼', '777', 1430223180, 1430223300, 4, '是', '否', '才', 1430192088, '从', '层'),
(472, 16, '大牛', 'you niu how long', '招商', '银行', '999', '中国', '银河', '000', 1388505600, 2015, 3, '是', '否', '', 1430192188, '', ''),
(473, 3, '为了爱', '所以爱', '想你', '的枣', '999', '爱的深', '伤的深', '888', 1420041600, 2015, 0, '是', '否', '', 1430193213, '', ''),
(474, 20, '1', '1', '1', '1', '1', '1', '1', '1', 1, 1970, 2, '是', '否', '', 1430191902, '', ''),
(475, 1, '今日推荐项目（沙河西区十八号路-满井桥）(监理)中标公告', '测试项目内容暂定二测试项目内容暂定二测试项目内容暂定二测试项目内容暂定二测试项目内容暂定二测试项目内容暂定二测试项目内容', '中标公告', '今日推荐', '999', '测试项目', '测试', '2', 2015, 1970, 1, '是', '否', '', 1430190630, '', ''),
(476, 4, '投资约400万元停车场智能化工程', '电气安装工程、通风工程、停车场工程、围墙工程、环氧地坪、智能化工程、道路工程、土石方、消防工程、人防工程、场地平整、给排', '以上级别会员可查看', '以上级别会员可查看', '以上级别会员可查看', '以上级别会员可查看', '以上级别会员可查看', '以上级别会员可查看', 2015, 2, 0, '是', '否', '以上级别会员可查看', 1430178079, '以上级别会员可查看', '以上级别会员可查看'),
(477, 1, 'G107路面修复小修工程 施工招标公为', '本招标项目房山区大件路、良三路、阎河路、G107路面修复小修工程已列入北京市交通委员会路政局2015年工程年度计划，并已', '北京市交通委员会路政局房山公路分局', '孙大为', '01067806076', '北京逸群工程咨询有限公司', '陈海宁', '69376304', 2014, 2015, 0, '是', '否', '', 0, '', ''),
(478, 3, 'd', 'ad', 'asd', 'adsd', '12', 'q2', '12', '122', 1430223300, 1430223300, 0, '是', '否', '11', 1430189302, '11', '122'),
(479, 2, '分到', '2', '2', '2', '2', '2', '2', '2', 1391356800, 1430223300, 0, '是', '否', '123', 1430188678, '3', '3'),
(480, 1, 'hot', '推荐不管用？', '有computer', 'miss', '899', '狼图腾', '小狼', '777', 1430223180, 1430223300, 4, '是', '否', '才', 1430192088, '从', '层'),
(481, 16, '大牛', 'you niu how long', '招商', '银行', '999', '中国', '银河', '000', 1388505600, 2015, 3, '是', '否', '', 1430192188, '', ''),
(482, 3, '为了爱', '所以爱', '想你', '的枣', '999', '爱的深', '伤的深', '888', 1420041600, 2015, 0, '是', '否', '', 1430193213, '', ''),
(483, 16, '武侯祠', '位于成都市武侯区，肇始于公元223年修建刘备惠陵时，它是中国唯一的一座君臣合祀祠庙和最负盛名的诸葛亮、刘备及蜀汉英雄纪念地', '招商', '银行', '999', '中国', '银河', '000', 1388505600, 2015, 3, '是', '是', '', 1430192188, '', ''),
(484, 3, '公元二三四年八月', '诸葛亮因积劳成疾，病卒于北伐前线的五丈原（今陕西宝鸡市岐山县城南约20公里），时年五十四岁', '想你', '的枣', '999', '爱的深', '伤的深', '888', 1420041600, 2015, 0, '是', '是', '', 1430193213, '', ''),
(485, 1, '文物区', '由惠陵、汉昭烈庙和武侯祠三部分组成，祠庙现存主体建筑（除惠陵）均为清康熙十一年（公元1672年）重建，坐北朝南，排列在一条中轴线上', '中标公告', '今日推荐', '999', '测试项目', '测试', '2', 2015, 1970, 1, '是', '是', '', 1430190630, '', ''),
(486, 1, '香蕉和芭蕉外形', '香蕉和芭蕉外形看起来非常相似，一般来说香蕉比芭蕉大一些，除了看大小以外，还能靠什么方式分辨这两种水果呢？', '中标公告', '今日推荐', '999', '测试项目', '测试', '2', 2015, 1970, 1, '是', '是', '', 1430201733, '', ''),
(487, 1, '香蕉外形', '香蕉和芭蕉外形看起来非常相似，一般来说香蕉比芭蕉大一些，除了看大小以外，还能靠什么方式分辨这两种水果呢？', '中标公告', '今日推荐', '999', '测试项目', '测试', '2', 2015, 1970, 1, '是', '是', '', 1430201733, '', ''),
(488, 16, '成都武侯祠', '位于成都市武侯区，肇始于公元223年修建刘备惠陵时，它是中国唯一的一座君臣合祀祠庙和最负盛名的诸葛亮、刘备及蜀汉英雄纪念地', '招商', '银行', '999', '中国', '银河', '000', 1388505600, 2015, 3, '是', '是', '', 1430192188, '', ''),
(489, 3, '公元二三四年', '诸葛亮因积劳成疾，病卒于北伐前线的五丈原（今陕西宝鸡市岐山县城南约20公里），时年五十四岁', '想你', '的枣', '999', '爱的深', '伤的深', '888', 1420041600, 2015, 0, '是', '是', '', 1430193213, '', ''),
(490, 1, '惠陵文物区', '由惠陵、汉昭烈庙和武侯祠三部分组成，祠庙现存主体建筑（除惠陵）均为清康熙十一年（公元1672年）重建，坐北朝南，排列在一条中轴线上', '中标公告', '今日推荐', '999', '测试项目', '测试', '2', 2015, 1970, 1, '是', '是', '', 1430190630, '', ''),
(491, 1, '今日推荐项目（沙河西区十八号路-满井桥）(监理)中标公告', '测试项目内容暂定二测试项目内容暂定二测试项目内容暂定二测试项目内容暂定二测试项目内容暂定二测试项目内容暂定二测试项目内容', '中标公告', '今日推荐', '999', '测试项目', '测试', '2', 2015, 1970, 1, '是', '是', '', 1430201733, '', ''),
(492, 4, '投资约400万元停车场智能化工程为', '电气安装工程、通风工程、停车场工程、围墙工程、环氧地坪、智能化工程、道路工程、土石方、消防工程、人防工程、场地平整、给排', '以上级别会员可查看', '以上级别会员可查看', '以上级别会员可查看', '以上级别会员可查看', '以上级别会员可查看', '以上级别会员可查看', 2015, 2, 0, '是', '是', '以上级别会员可查看', 1430201733, '以上级别会员可查看', '以上级别会员可查看'),
(493, 4, '车厘子和樱桃', '车厘子和樱桃，这对长相无差价格身段有别的水果，你是否傻傻分不清楚呢？车厘子到底是不是樱桃，两者有什么区别呢', '以上级别会员可查看', '以上级别会员可查看', '以上级别会员可查看', '以上级别会员可查看', '以上级别会员可查看', '以上级别会员可查看', 2015, 2, 0, '是', '是', '以上级别会员可查看', 1430201733, '以上级别会员可查看', '以上级别会员可查看'),
(494, 1, '香蕉和芭蕉外形', '香蕉和芭蕉外形看起来非常相似，一般来说香蕉比芭蕉大一些，除了看大小以外，还能靠什么方式分辨这两种水果呢？', '中标公告', '今日推荐', '999', '测试项目', '测试', '2', 2015, 1970, 1, '是', '是', '', 1430201733, '', ''),
(495, 16, '大牛', 'you niu how long', '招商', '银行', '999', '中国', '银河', '000', 1388505600, 2015, 3, '是', '是', '', 1430192188, '', ''),
(496, 3, '为了爱', '所以爱', '想你', '的枣', '999', '爱的深', '伤的深', '888', 1420041600, 2015, 0, '是', '是', '', 1430193213, '', ''),
(497, 1, '今日推荐项目（沙河西区十八号路-满井桥）(监理)中标公告', '测试项目内容暂定二测试项目内容暂定二测试项目内容暂定二测试项目内容暂定二测试项目内容暂定二测试项目内容暂定二测试项目内容', '中标公告', '今日推荐', '999', '测试项目', '测试', '2', 2015, 1970, 1, '是', '是', '', 1430190630, '', ''),
(498, 4, '投资约400万元停车场智能化工程为', '电气安装工程、通风工程、停车场工程、围墙工程、环氧地坪、智能化工程、道路工程、土石方、消防工程、人防工程、场地平整、给排', '以上级别会员可查看', '以上级别会员可查看', '以上级别会员可查看', '以上级别会员可查看', '以上级别会员可查看', '以上级别会员可查看', 2015, 2, 0, '是', '否', '以上级别会员可查看', 1430178079, '以上级别会员可查看', '以上级别会员可查看'),
(499, 1, 'G107路面修复小修工程 施工招标公告', '本招标项目房山区大件路、良三路、阎河路、G107路面修复小修工程已列入北京市交通委员会路政局2015年工程年度计划，并已', '北京市交通委员会路政局房山公路分局', '孙大为', '01067806076', '北京逸群工程咨询有限公司', '陈海宁', '69376304', 2014, 2015, 0, '是', '否', '', 0, '', ''),
(500, 3, 'd', 'ad', 'asd', 'adsd', '12', 'q2', '12', '122', 1430223300, 1430223300, 0, '是', '否', '11', 1430189302, '11', '122'),
(501, 2, '分到', '2', '2', '2', '2', '2', '2', '2', 1391356800, 1430223300, 0, '是', '否', '123', 1430188678, '3', '3'),
(502, 1, 'hot', '推荐不管用？', '有computer', 'miss', '899', '狼图腾', '小狼', '777', 1430223180, 1430223300, 4, '是', '否', '才', 1430192088, '从', '层'),
(503, 16, '大牛', 'you niu how long', '招商', '银行', '999', '中国', '银河', '000', 1388505600, 2015, 3, '是', '否', '', 1430192188, '', ''),
(504, 3, '为了爱', '所以爱', '想你', '的枣', '999', '爱的深', '伤的深', '888', 1420041600, 2015, 0, '是', '否', '', 1430193213, '', ''),
(505, 20, '1', '1', '1', '1', '1', '1', '1', '1', 1, 1970, 2, '是', '否', '', 1430191902, '', ''),
(506, 1, '今日推荐项目（沙河西区十八号路-满井桥）(监理)中标公告', '测试项目内容暂定二测试项目内容暂定二测试项目内容暂定二测试项目内容暂定二测试项目内容暂定二测试项目内容暂定二测试项目内容', '中标公告', '今日推荐', '999', '测试项目', '测试', '2', 2015, 1970, 1, '是', '否', '', 1430190630, '', ''),
(507, 4, '投资约400万元停车场智能化工程', '电气安装工程、通风工程、停车场工程、围墙工程、环氧地坪、智能化工程、道路工程、土石方、消防工程、人防工程、场地平整、给排', '以上级别会员可查看', '以上级别会员可查看', '以上级别会员可查看', '以上级别会员可查看', '以上级别会员可查看', '以上级别会员可查看', 2015, 2, 0, '是', '否', '以上级别会员可查看', 1430178079, '以上级别会员可查看', '以上级别会员可查看'),
(508, 1, 'G107路面修复小修工程 施工招标公告', '本招标项目房山区大件路、良三路、阎河路、G107路面修复小修工程已列入北京市交通委员会路政局2015年工程年度计划，并已', '北京市交通委员会路政局房山公路分局', '孙大为', '01067806076', '北京逸群工程咨询有限公司', '陈海宁', '69376304', 2014, 2015, 0, '是', '否', '', 0, '', ''),
(509, 3, 'd', 'ad', 'asd', 'adsd', '12', 'q2', '12', '122', 1430223300, 1430223300, 0, '是', '否', '11', 1430189302, '11', '122'),
(510, 2, '分到', '2', '2', '2', '2', '2', '2', '2', 1391356800, 1430223300, 0, '是', '否', '123', 1430188678, '3', '3'),
(511, 1, 'hot', '推荐不管用？', '有computer', 'miss', '899', '狼图腾', '小狼', '777', 1430223180, 1430223300, 4, '是', '否', '才', 1430192088, '从', '层'),
(512, 16, '大牛', 'you niu how long', '招商', '银行', '999', '中国', '银河', '000', 1388505600, 2015, 3, '是', '否', '', 1430192188, '', ''),
(513, 3, '为了爱', '所以爱', '想你', '的枣', '999', '爱的深', '伤的深', '888', 1420041600, 2015, 0, '是', '否', '', 1430193213, '', ''),
(514, 20, '1', '1', '1', '1', '1', '1', '1', '1', 1, 1970, 2, '是', '否', '', 1430191902, '', ''),
(515, 1, '今日推荐项目（沙河西区十八号路-满井桥）(监理)中标公告', '测试项目内容暂定二测试项目内容暂定二测试项目内容暂定二测试项目内容暂定二测试项目内容暂定二测试项目内容暂定二测试项目内容', '中标公告', '今日推荐', '999', '测试项目', '测试', '2', 2015, 1970, 1, '是', '否', '', 1430190630, '', ''),
(516, 4, '投资约400万元停车场智能化工程', '电气安装工程、通风工程、停车场工程、围墙工程、环氧地坪、智能化工程、道路工程、土石方、消防工程、人防工程、场地平整、给排', '以上级别会员可查看', '以上级别会员可查看', '以上级别会员可查看', '以上级别会员可查看', '以上级别会员可查看', '以上级别会员可查看', 2015, 2, 0, '是', '否', '以上级别会员可查看', 1430178079, '以上级别会员可查看', '以上级别会员可查看'),
(517, 1, 'G107路面修复小修工程 施工招标公为', '本招标项目房山区大件路、良三路、阎河路、G107路面修复小修工程已列入北京市交通委员会路政局2015年工程年度计划，并已', '北京市交通委员会路政局房山公路分局', '孙大为', '01067806076', '北京逸群工程咨询有限公司', '陈海宁', '69376304', 2014, 2015, 0, '是', '否', '', 0, '', ''),
(518, 3, 'd', 'ad', 'asd', 'adsd', '12', 'q2', '12', '122', 1430223300, 1430223300, 0, '是', '否', '11', 1430189302, '11', '122'),
(519, 2, '分到', '2', '2', '2', '2', '2', '2', '2', 1391356800, 1430223300, 0, '是', '否', '123', 1430188678, '3', '3'),
(520, 1, 'hot', '推荐不管用？', '有computer', 'miss', '899', '狼图腾', '小狼', '777', 1430223180, 1430223300, 4, '是', '否', '才', 1430192088, '从', '层'),
(521, 16, '大牛', 'you niu how long', '招商', '银行', '999', '中国', '银河', '000', 1388505600, 2015, 3, '是', '否', '', 1430192188, '', ''),
(522, 3, '为了爱', '所以爱', '想你', '的枣', '999', '爱的深', '伤的深', '888', 1420041600, 2015, 0, '是', '否', '', 1430193213, '', ''),
(523, 16, '武侯祠', '位于成都市武侯区，肇始于公元223年修建刘备惠陵时，它是中国唯一的一座君臣合祀祠庙和最负盛名的诸葛亮、刘备及蜀汉英雄纪念地', '招商', '银行', '999', '中国', '银河', '000', 1388505600, 2015, 3, '是', '是', '', 1430192188, '', ''),
(524, 3, '公元二三四年八月', '诸葛亮因积劳成疾，病卒于北伐前线的五丈原（今陕西宝鸡市岐山县城南约20公里），时年五十四岁', '想你', '的枣', '999', '爱的深', '伤的深', '888', 1420041600, 2015, 0, '是', '是', '', 1430193213, '', ''),
(525, 1, '文物区', '由惠陵、汉昭烈庙和武侯祠三部分组成，祠庙现存主体建筑（除惠陵）均为清康熙十一年（公元1672年）重建，坐北朝南，排列在一条中轴线上', '中标公告', '今日推荐', '999', '测试项目', '测试', '2', 2015, 1970, 1, '是', '是', '', 1430190630, '', ''),
(526, 1, '香蕉和芭蕉外形', '香蕉和芭蕉外形看起来非常相似，一般来说香蕉比芭蕉大一些，除了看大小以外，还能靠什么方式分辨这两种水果呢？', '中标公告', '今日推荐', '999', '测试项目', '测试', '2', 2015, 1970, 1, '是', '是', '', 1430201733, '', ''),
(527, 1, '香蕉外形', '香蕉和芭蕉外形看起来非常相似，一般来说香蕉比芭蕉大一些，除了看大小以外，还能靠什么方式分辨这两种水果呢？', '中标公告', '今日推荐', '999', '测试项目', '测试', '2', 2015, 1970, 1, '是', '是', '', 1430201733, '', ''),
(528, 16, '成都武侯祠', '位于成都市武侯区，肇始于公元223年修建刘备惠陵时，它是中国唯一的一座君臣合祀祠庙和最负盛名的诸葛亮、刘备及蜀汉英雄纪念地', '招商', '银行', '999', '中国', '银河', '000', 1388505600, 2015, 3, '是', '是', '', 1430192188, '', ''),
(529, 3, '公元二三四年', '诸葛亮因积劳成疾，病卒于北伐前线的五丈原（今陕西宝鸡市岐山县城南约20公里），时年五十四岁', '想你', '的枣', '999', '爱的深', '伤的深', '888', 1420041600, 2015, 0, '是', '是', '', 1430193213, '', ''),
(530, 1, '惠陵文物区', '由惠陵、汉昭烈庙和武侯祠三部分组成，祠庙现存主体建筑（除惠陵）均为清康熙十一年（公元1672年）重建，坐北朝南，排列在一条中轴线上', '中标公告', '今日推荐', '999', '测试项目', '测试', '2', 2015, 1970, 1, '是', '是', '', 1430190630, '', ''),
(531, 1, '今日推荐项目（沙河西区十八号路-满井桥）(监理)中标公告', '测试项目内容暂定二测试项目内容暂定二测试项目内容暂定二测试项目内容暂定二测试项目内容暂定二测试项目内容暂定二测试项目内容', '中标公告', '今日推荐', '999', '测试项目', '测试', '2', 2015, 1970, 1, '是', '是', '', 1430201733, '', ''),
(532, 4, '投资约400万元停车场智能化工程为', '电气安装工程、通风工程、停车场工程、围墙工程、环氧地坪、智能化工程、道路工程、土石方、消防工程、人防工程、场地平整、给排', '以上级别会员可查看', '以上级别会员可查看', '以上级别会员可查看', '以上级别会员可查看', '以上级别会员可查看', '以上级别会员可查看', 2015, 2, 0, '是', '是', '以上级别会员可查看', 1430201733, '以上级别会员可查看', '以上级别会员可查看'),
(533, 4, '车厘子和樱桃', '车厘子和樱桃，这对长相无差价格身段有别的水果，你是否傻傻分不清楚呢？车厘子到底是不是樱桃，两者有什么区别呢', '以上级别会员可查看', '以上级别会员可查看', '以上级别会员可查看', '以上级别会员可查看', '以上级别会员可查看', '以上级别会员可查看', 2015, 2, 0, '是', '是', '以上级别会员可查看', 1430201733, '以上级别会员可查看', '以上级别会员可查看'),
(534, 1, '香蕉和芭蕉外形', '香蕉和芭蕉外形看起来非常相似，一般来说香蕉比芭蕉大一些，除了看大小以外，还能靠什么方式分辨这两种水果呢？', '中标公告', '今日推荐', '999', '测试项目', '测试', '2', 2015, 1970, 1, '是', '是', '', 1430201733, '', ''),
(535, 16, '大牛', 'you niu how long', '招商', '银行', '999', '中国', '银河', '000', 1388505600, 2015, 3, '是', '是', '', 1430192188, '', ''),
(536, 3, '为了爱', '所以爱', '想你', '的枣', '999', '爱的深', '伤的深', '888', 1420041600, 2015, 0, '是', '是', '', 1430193213, '', ''),
(537, 1, '今日推荐项目（沙河西区十八号路-满井桥）(监理)中标公告', '测试项目内容暂定二测试项目内容暂定二测试项目内容暂定二测试项目内容暂定二测试项目内容暂定二测试项目内容暂定二测试项目内容', '中标公告', '今日推荐', '999', '测试项目', '测试', '2', 2015, 1970, 1, '是', '是', '', 1430190630, '', ''),
(538, 4, '投资约400万元停车场智能化工程为', '电气安装工程、通风工程、停车场工程、围墙工程、环氧地坪、智能化工程、道路工程、土石方、消防工程、人防工程、场地平整、给排', '以上级别会员可查看', '以上级别会员可查看', '以上级别会员可查看', '以上级别会员可查看', '以上级别会员可查看', '以上级别会员可查看', 2015, 2, 0, '是', '否', '以上级别会员可查看', 1430178079, '以上级别会员可查看', '以上级别会员可查看'),
(539, 1, 'G107路面修复小修工程 施工招标公告', '本招标项目房山区大件路、良三路、阎河路、G107路面修复小修工程已列入北京市交通委员会路政局2015年工程年度计划，并已', '北京市交通委员会路政局房山公路分局', '孙大为', '01067806076', '北京逸群工程咨询有限公司', '陈海宁', '69376304', 2014, 2015, 0, '是', '否', '', 0, '', ''),
(540, 3, 'd', 'ad', 'asd', 'adsd', '12', 'q2', '12', '122', 1430223300, 1430223300, 0, '是', '否', '11', 1430189302, '11', '122'),
(541, 2, '分到', '2', '2', '2', '2', '2', '2', '2', 1391356800, 1430223300, 0, '是', '否', '123', 1430188678, '3', '3'),
(542, 1, 'hot', '推荐不管用？', '有computer', 'miss', '899', '狼图腾', '小狼', '777', 1430223180, 1430223300, 4, '是', '否', '才', 1430192088, '从', '层'),
(543, 16, '大牛', 'you niu how long', '招商', '银行', '999', '中国', '银河', '000', 1388505600, 2015, 3, '是', '否', '', 1430192188, '', ''),
(544, 3, '为了爱', '所以爱', '想你', '的枣', '999', '爱的深', '伤的深', '888', 1420041600, 2015, 0, '是', '否', '', 1430193213, '', ''),
(545, 20, '1', '1', '1', '1', '1', '1', '1', '1', 1, 1970, 2, '是', '否', '', 1430191902, '', '');
INSERT INTO `zr_infos` (`infoid`, `provinceid`, `title`, `content`, `ownerunit`, `ownercontacts`, `ownerphone`, `biddingunit`, `biddingcontacts`, `biddingphone`, `putDatetime`, `biddingdatetime`, `biddingstatusid`, `is_on_sale`, `is_hot`, `areaName`, `createDatetime`, `originalURL`, `sourceWeb`) VALUES
(546, 1, '今日推荐项目（沙河西区十八号路-满井桥）(监理)中标公告', '测试项目内容暂定二测试项目内容暂定二测试项目内容暂定二测试项目内容暂定二测试项目内容暂定二测试项目内容暂定二测试项目内容', '中标公告', '今日推荐', '999', '测试项目', '测试', '2', 2015, 1970, 1, '是', '否', '', 1430190630, '', ''),
(547, 4, '投资约400万元停车场智能化工程', '电气安装工程、通风工程、停车场工程、围墙工程、环氧地坪、智能化工程、道路工程、土石方、消防工程、人防工程、场地平整、给排', '以上级别会员可查看', '以上级别会员可查看', '以上级别会员可查看', '以上级别会员可查看', '以上级别会员可查看', '以上级别会员可查看', 2015, 2, 0, '是', '否', '以上级别会员可查看', 1430178079, '以上级别会员可查看', '以上级别会员可查看'),
(548, 1, 'G107路面修复小修工程 施工招标公告', '本招标项目房山区大件路、良三路、阎河路、G107路面修复小修工程已列入北京市交通委员会路政局2015年工程年度计划，并已', '北京市交通委员会路政局房山公路分局', '孙大为', '01067806076', '北京逸群工程咨询有限公司', '陈海宁', '69376304', 2014, 2015, 0, '是', '否', '', 0, '', ''),
(549, 3, 'd', 'ad', 'asd', 'adsd', '12', 'q2', '12', '122', 1430223300, 1430223300, 0, '是', '否', '11', 1430189302, '11', '122'),
(550, 2, '分到', '2', '2', '2', '2', '2', '2', '2', 1391356800, 1430223300, 0, '是', '否', '123', 1430188678, '3', '3'),
(551, 1, 'hot', '推荐不管用？', '有computer', 'miss', '899', '狼图腾', '小狼', '777', 1430223180, 1430223300, 4, '是', '否', '才', 1430192088, '从', '层'),
(552, 16, '大牛', 'you niu how long', '招商', '银行', '999', '中国', '银河', '000', 1388505600, 2015, 3, '是', '否', '', 1430192188, '', ''),
(553, 3, '为了爱', '所以爱', '想你', '的枣', '999', '爱的深', '伤的深', '888', 1420041600, 2015, 0, '是', '否', '', 1430193213, '', ''),
(554, 20, '1', '1', '1', '1', '1', '1', '1', '1', 1, 1970, 2, '是', '否', '', 1430191902, '', ''),
(555, 1, '今日推荐项目（沙河西区十八号路-满井桥）(监理)中标公告', '测试项目内容暂定二测试项目内容暂定二测试项目内容暂定二测试项目内容暂定二测试项目内容暂定二测试项目内容暂定二测试项目内容', '中标公告', '今日推荐', '999', '测试项目', '测试', '2', 2015, 1970, 1, '是', '否', '', 1430190630, '', ''),
(556, 4, '投资约400万元停车场智能化工程', '电气安装工程、通风工程、停车场工程、围墙工程、环氧地坪、智能化工程、道路工程、土石方、消防工程、人防工程、场地平整、给排', '以上级别会员可查看', '以上级别会员可查看', '以上级别会员可查看', '以上级别会员可查看', '以上级别会员可查看', '以上级别会员可查看', 2015, 2, 0, '是', '否', '以上级别会员可查看', 1430178079, '以上级别会员可查看', '以上级别会员可查看'),
(557, 1, 'G107路面修复小修工程 施工招标公为', '本招标项目房山区大件路、良三路、阎河路、G107路面修复小修工程已列入北京市交通委员会路政局2015年工程年度计划，并已', '北京市交通委员会路政局房山公路分局', '孙大为', '01067806076', '北京逸群工程咨询有限公司', '陈海宁', '69376304', 2014, 2015, 0, '是', '否', '', 0, '', ''),
(558, 3, 'd', 'ad', 'asd', 'adsd', '12', 'q2', '12', '122', 1430223300, 1430223300, 0, '是', '否', '11', 1430189302, '11', '122'),
(559, 2, '分到', '2', '2', '2', '2', '2', '2', '2', 1391356800, 1430223300, 0, '是', '否', '123', 1430188678, '3', '3'),
(560, 1, 'hot', '推荐不管用？', '有computer', 'miss', '899', '狼图腾', '小狼', '777', 1430223180, 1430223300, 4, '是', '否', '才', 1430192088, '从', '层'),
(561, 16, '大牛', 'you niu how long', '招商', '银行', '999', '中国', '银河', '000', 1388505600, 2015, 3, '是', '否', '', 1430192188, '', ''),
(562, 3, '为了爱', '所以爱', '想你', '的枣', '999', '爱的深', '伤的深', '888', 1420041600, 2015, 0, '是', '否', '', 1430193213, '', ''),
(563, 16, '武侯祠', '位于成都市武侯区，肇始于公元223年修建刘备惠陵时，它是中国唯一的一座君臣合祀祠庙和最负盛名的诸葛亮、刘备及蜀汉英雄纪念地', '招商', '银行', '999', '中国', '银河', '000', 1388505600, 2015, 3, '是', '是', '', 1430192188, '', ''),
(564, 3, '公元二三四年八月', '诸葛亮因积劳成疾，病卒于北伐前线的五丈原（今陕西宝鸡市岐山县城南约20公里），时年五十四岁', '想你', '的枣', '999', '爱的深', '伤的深', '888', 1420041600, 2015, 0, '是', '是', '', 1430193213, '', ''),
(565, 1, '文物区', '由惠陵、汉昭烈庙和武侯祠三部分组成，祠庙现存主体建筑（除惠陵）均为清康熙十一年（公元1672年）重建，坐北朝南，排列在一条中轴线上', '中标公告', '今日推荐', '999', '测试项目', '测试', '2', 2015, 1970, 1, '是', '是', '', 1430190630, '', ''),
(566, 1, '香蕉和芭蕉外形', '香蕉和芭蕉外形看起来非常相似，一般来说香蕉比芭蕉大一些，除了看大小以外，还能靠什么方式分辨这两种水果呢？', '中标公告', '今日推荐', '999', '测试项目', '测试', '2', 2015, 1970, 1, '是', '是', '', 1430201733, '', ''),
(567, 1, '香蕉外形', '香蕉和芭蕉外形看起来非常相似，一般来说香蕉比芭蕉大一些，除了看大小以外，还能靠什么方式分辨这两种水果呢？', '中标公告', '今日推荐', '999', '测试项目', '测试', '2', 2015, 1970, 1, '是', '是', '', 1430201733, '', ''),
(568, 16, '成都武侯祠', '位于成都市武侯区，肇始于公元223年修建刘备惠陵时，它是中国唯一的一座君臣合祀祠庙和最负盛名的诸葛亮、刘备及蜀汉英雄纪念地', '招商', '银行', '999', '中国', '银河', '000', 1388505600, 2015, 3, '是', '是', '', 1430192188, '', ''),
(569, 3, '公元二三四年', '诸葛亮因积劳成疾，病卒于北伐前线的五丈原（今陕西宝鸡市岐山县城南约20公里），时年五十四岁', '想你', '的枣', '999', '爱的深', '伤的深', '888', 1420041600, 2015, 0, '是', '是', '', 1430193213, '', ''),
(570, 1, '惠陵文物区', '由惠陵、汉昭烈庙和武侯祠三部分组成，祠庙现存主体建筑（除惠陵）均为清康熙十一年（公元1672年）重建，坐北朝南，排列在一条中轴线上', '中标公告', '今日推荐', '999', '测试项目', '测试', '2', 2015, 1970, 1, '是', '是', '', 1430190630, '', ''),
(571, 1, '今日推荐项目（沙河西区十八号路-满井桥）(监理)中标公告', '测试项目内容暂定二测试项目内容暂定二测试项目内容暂定二测试项目内容暂定二测试项目内容暂定二测试项目内容暂定二测试项目内容', '中标公告', '今日推荐', '999', '测试项目', '测试', '2', 2015, 1970, 1, '是', '是', '', 1430201733, '', ''),
(572, 4, '投资约400万元停车场智能化工程为', '电气安装工程、通风工程、停车场工程、围墙工程、环氧地坪、智能化工程、道路工程、土石方、消防工程、人防工程、场地平整、给排', '以上级别会员可查看', '以上级别会员可查看', '以上级别会员可查看', '以上级别会员可查看', '以上级别会员可查看', '以上级别会员可查看', 2015, 2, 0, '是', '是', '以上级别会员可查看', 1430201733, '以上级别会员可查看', '以上级别会员可查看'),
(573, 4, '车厘子和樱桃', '车厘子和樱桃，这对长相无差价格身段有别的水果，你是否傻傻分不清楚呢？车厘子到底是不是樱桃，两者有什么区别呢', '以上级别会员可查看', '以上级别会员可查看', '以上级别会员可查看', '以上级别会员可查看', '以上级别会员可查看', '以上级别会员可查看', 2015, 2, 0, '是', '是', '以上级别会员可查看', 1430201733, '以上级别会员可查看', '以上级别会员可查看'),
(574, 1, '香蕉和芭蕉外形', '香蕉和芭蕉外形看起来非常相似，一般来说香蕉比芭蕉大一些，除了看大小以外，还能靠什么方式分辨这两种水果呢？', '中标公告', '今日推荐', '999', '测试项目', '测试', '2', 2015, 1970, 1, '是', '是', '', 1430201733, '', ''),
(575, 16, '大牛', 'you niu how long', '招商', '银行', '999', '中国', '银河', '000', 1388505600, 2015, 3, '是', '是', '', 1430192188, '', ''),
(576, 3, '为了爱', '所以爱', '想你', '的枣', '999', '爱的深', '伤的深', '888', 1420041600, 2015, 0, '是', '是', '', 1430193213, '', ''),
(577, 1, '今日推荐项目（沙河西区十八号路-满井桥）(监理)中标公告', '测试项目内容暂定二测试项目内容暂定二测试项目内容暂定二测试项目内容暂定二测试项目内容暂定二测试项目内容暂定二测试项目内容', '中标公告', '今日推荐', '999', '测试项目', '测试', '2', 2015, 1970, 1, '是', '是', '', 1430190630, '', ''),
(578, 4, '投资约400万元停车场智能化工程为', '电气安装工程、通风工程、停车场工程、围墙工程、环氧地坪、智能化工程、道路工程、土石方、消防工程、人防工程、场地平整、给排', '以上级别会员可查看', '以上级别会员可查看', '以上级别会员可查看', '以上级别会员可查看', '以上级别会员可查看', '以上级别会员可查看', 2015, 2, 0, '是', '否', '以上级别会员可查看', 1430178079, '以上级别会员可查看', '以上级别会员可查看'),
(579, 1, 'G107路面修复小修工程 施工招标公告', '本招标项目房山区大件路、良三路、阎河路、G107路面修复小修工程已列入北京市交通委员会路政局2015年工程年度计划，并已', '北京市交通委员会路政局房山公路分局', '孙大为', '01067806076', '北京逸群工程咨询有限公司', '陈海宁', '69376304', 2014, 2015, 0, '是', '否', '', 0, '', ''),
(580, 3, 'd', 'ad', 'asd', 'adsd', '12', 'q2', '12', '122', 1430223300, 1430223300, 0, '是', '否', '11', 1430189302, '11', '122'),
(581, 2, '分到', '2', '2', '2', '2', '2', '2', '2', 1391356800, 1430223300, 0, '是', '否', '123', 1430188678, '3', '3'),
(582, 1, 'hot', '推荐不管用？', '有computer', 'miss', '899', '狼图腾', '小狼', '777', 1430223180, 1430223300, 4, '是', '否', '才', 1430192088, '从', '层'),
(583, 16, '大牛', 'you niu how long', '招商', '银行', '999', '中国', '银河', '000', 1388505600, 2015, 3, '是', '否', '', 1430192188, '', ''),
(584, 3, '为了爱', '所以爱', '想你', '的枣', '999', '爱的深', '伤的深', '888', 1420041600, 2015, 0, '是', '否', '', 1430193213, '', ''),
(585, 20, '1', '1', '1', '1', '1', '1', '1', '1', 1, 1970, 2, '是', '否', '', 1430191902, '', ''),
(586, 1, '今日推荐项目（沙河西区十八号路-满井桥）(监理)中标公告', '测试项目内容暂定二测试项目内容暂定二测试项目内容暂定二测试项目内容暂定二测试项目内容暂定二测试项目内容暂定二测试项目内容', '中标公告', '今日推荐', '999', '测试项目', '测试', '2', 2015, 1970, 1, '是', '否', '', 1430190630, '', ''),
(587, 4, '投资约400万元停车场智能化工程', '电气安装工程、通风工程、停车场工程、围墙工程、环氧地坪、智能化工程、道路工程、土石方、消防工程、人防工程、场地平整、给排', '以上级别会员可查看', '以上级别会员可查看', '以上级别会员可查看', '以上级别会员可查看', '以上级别会员可查看', '以上级别会员可查看', 2015, 2, 0, '是', '否', '以上级别会员可查看', 1430178079, '以上级别会员可查看', '以上级别会员可查看'),
(588, 1, 'G107路面修复小修工程 施工招标公告', '本招标项目房山区大件路、良三路、阎河路、G107路面修复小修工程已列入北京市交通委员会路政局2015年工程年度计划，并已', '北京市交通委员会路政局房山公路分局', '孙大为', '01067806076', '北京逸群工程咨询有限公司', '陈海宁', '69376304', 2014, 2015, 0, '是', '否', '', 0, '', ''),
(589, 3, 'd', 'ad', 'asd', 'adsd', '12', 'q2', '12', '122', 1430223300, 1430223300, 0, '是', '否', '11', 1430189302, '11', '122'),
(590, 2, '分到', '2', '2', '2', '2', '2', '2', '2', 1391356800, 1430223300, 0, '是', '否', '123', 1430188678, '3', '3'),
(591, 1, 'hot', '推荐不管用？', '有computer', 'miss', '899', '狼图腾', '小狼', '777', 1430223180, 1430223300, 4, '是', '否', '才', 1430192088, '从', '层'),
(592, 16, '大牛', 'you niu how long', '招商', '银行', '999', '中国', '银河', '000', 1388505600, 2015, 3, '是', '否', '', 1430192188, '', ''),
(593, 3, '为了爱', '所以爱', '想你', '的枣', '999', '爱的深', '伤的深', '888', 1420041600, 2015, 0, '是', '否', '', 1430193213, '', ''),
(594, 20, '1', '1', '1', '1', '1', '1', '1', '1', 1, 1970, 2, '是', '否', '', 1430191902, '', ''),
(595, 1, '今日推荐项目（沙河西区十八号路-满井桥）(监理)中标公告', '测试项目内容暂定二测试项目内容暂定二测试项目内容暂定二测试项目内容暂定二测试项目内容暂定二测试项目内容暂定二测试项目内容', '中标公告', '今日推荐', '999', '测试项目', '测试', '2', 2015, 1970, 1, '是', '否', '', 1430190630, '', ''),
(596, 4, '投资约400万元停车场智能化工程', '电气安装工程、通风工程、停车场工程、围墙工程、环氧地坪、智能化工程、道路工程、土石方、消防工程、人防工程、场地平整、给排', '以上级别会员可查看', '以上级别会员可查看', '以上级别会员可查看', '以上级别会员可查看', '以上级别会员可查看', '以上级别会员可查看', 2015, 2, 0, '是', '否', '以上级别会员可查看', 1430178079, '以上级别会员可查看', '以上级别会员可查看'),
(597, 1, 'G107路面修复小修工程 施工招标公为', '本招标项目房山区大件路、良三路、阎河路、G107路面修复小修工程已列入北京市交通委员会路政局2015年工程年度计划，并已', '北京市交通委员会路政局房山公路分局', '孙大为', '01067806076', '北京逸群工程咨询有限公司', '陈海宁', '69376304', 2014, 2015, 0, '是', '否', '', 0, '', ''),
(598, 3, 'd', 'ad', 'asd', 'adsd', '12', 'q2', '12', '122', 1430223300, 1430223300, 0, '是', '否', '11', 1430189302, '11', '122'),
(599, 2, '分到', '2', '2', '2', '2', '2', '2', '2', 1391356800, 1430223300, 0, '是', '否', '123', 1430188678, '3', '3'),
(600, 1, 'hot', '推荐不管用？', '有computer', 'miss', '899', '狼图腾', '小狼', '777', 1430223180, 1430223300, 4, '是', '否', '才', 1430192088, '从', '层'),
(601, 16, '大牛', 'you niu how long', '招商', '银行', '999', '中国', '银河', '000', 1388505600, 2015, 3, '是', '否', '', 1430192188, '', ''),
(602, 3, '为了爱', '所以爱', '想你', '的枣', '999', '爱的深', '伤的深', '888', 1420041600, 2015, 0, '是', '否', '', 1430193213, '', ''),
(603, 16, '武侯祠', '位于成都市武侯区，肇始于公元223年修建刘备惠陵时，它是中国唯一的一座君臣合祀祠庙和最负盛名的诸葛亮、刘备及蜀汉英雄纪念地', '招商', '银行', '999', '中国', '银河', '000', 1388505600, 2015, 3, '是', '是', '', 1430192188, '', ''),
(604, 3, '公元二三四年八月', '诸葛亮因积劳成疾，病卒于北伐前线的五丈原（今陕西宝鸡市岐山县城南约20公里），时年五十四岁', '想你', '的枣', '999', '爱的深', '伤的深', '888', 1420041600, 2015, 0, '是', '是', '', 1430193213, '', ''),
(605, 1, '文物区', '由惠陵、汉昭烈庙和武侯祠三部分组成，祠庙现存主体建筑（除惠陵）均为清康熙十一年（公元1672年）重建，坐北朝南，排列在一条中轴线上', '中标公告', '今日推荐', '999', '测试项目', '测试', '2', 2015, 1970, 1, '是', '是', '', 1430190630, '', ''),
(606, 1, '香蕉和芭蕉外形', '香蕉和芭蕉外形看起来非常相似，一般来说香蕉比芭蕉大一些，除了看大小以外，还能靠什么方式分辨这两种水果呢？', '中标公告', '今日推荐', '999', '测试项目', '测试', '2', 2015, 1970, 1, '是', '是', '', 1430201733, '', ''),
(607, 1, '香蕉外形', '香蕉和芭蕉外形看起来非常相似，一般来说香蕉比芭蕉大一些，除了看大小以外，还能靠什么方式分辨这两种水果呢？', '中标公告', '今日推荐', '999', '测试项目', '测试', '2', 2015, 1970, 1, '是', '是', '', 1430201733, '', ''),
(608, 16, '成都武侯祠', '位于成都市武侯区，肇始于公元223年修建刘备惠陵时，它是中国唯一的一座君臣合祀祠庙和最负盛名的诸葛亮、刘备及蜀汉英雄纪念地', '招商', '银行', '999', '中国', '银河', '000', 1388505600, 2015, 3, '是', '是', '', 1430192188, '', ''),
(609, 3, '公元二三四年', '诸葛亮因积劳成疾，病卒于北伐前线的五丈原（今陕西宝鸡市岐山县城南约20公里），时年五十四岁', '想你', '的枣', '999', '爱的深', '伤的深', '888', 1420041600, 2015, 0, '是', '是', '', 1430193213, '', ''),
(610, 1, '惠陵文物区', '由惠陵、汉昭烈庙和武侯祠三部分组成，祠庙现存主体建筑（除惠陵）均为清康熙十一年（公元1672年）重建，坐北朝南，排列在一条中轴线上', '中标公告', '今日推荐', '999', '测试项目', '测试', '2', 2015, 1970, 1, '是', '是', '', 1430190630, '', ''),
(611, 1, '今日推荐项目（沙河西区十八号路-满井桥）(监理)中标公告', '测试项目内容暂定二测试项目内容暂定二测试项目内容暂定二测试项目内容暂定二测试项目内容暂定二测试项目内容暂定二测试项目内容', '中标公告', '今日推荐', '999', '测试项目', '测试', '2', 2015, 1970, 1, '是', '是', '', 1430201733, '', ''),
(612, 4, '投资约400万元停车场智能化工程为', '电气安装工程、通风工程、停车场工程、围墙工程、环氧地坪、智能化工程、道路工程、土石方、消防工程、人防工程、场地平整、给排', '以上级别会员可查看', '以上级别会员可查看', '以上级别会员可查看', '以上级别会员可查看', '以上级别会员可查看', '以上级别会员可查看', 2015, 2, 0, '是', '是', '以上级别会员可查看', 1430201733, '以上级别会员可查看', '以上级别会员可查看'),
(613, 4, '车厘子和樱桃', '车厘子和樱桃，这对长相无差价格身段有别的水果，你是否傻傻分不清楚呢？车厘子到底是不是樱桃，两者有什么区别呢', '以上级别会员可查看', '以上级别会员可查看', '以上级别会员可查看', '以上级别会员可查看', '以上级别会员可查看', '以上级别会员可查看', 2015, 2, 0, '是', '是', '以上级别会员可查看', 1430201733, '以上级别会员可查看', '以上级别会员可查看'),
(614, 1, '香蕉和芭蕉外形', '香蕉和芭蕉外形看起来非常相似，一般来说香蕉比芭蕉大一些，除了看大小以外，还能靠什么方式分辨这两种水果呢？', '中标公告', '今日推荐', '999', '测试项目', '测试', '2', 2015, 1970, 1, '是', '是', '', 1430201733, '', ''),
(615, 16, '大牛', 'you niu how long', '招商', '银行', '999', '中国', '银河', '000', 1388505600, 2015, 3, '是', '是', '', 1430192188, '', ''),
(616, 3, '为了爱', '所以爱', '想你', '的枣', '999', '爱的深', '伤的深', '888', 1420041600, 2015, 0, '是', '是', '', 1430193213, '', ''),
(617, 1, '今日推荐项目（沙河西区十八号路-满井桥）(监理)中标公告', '测试项目内容暂定二测试项目内容暂定二测试项目内容暂定二测试项目内容暂定二测试项目内容暂定二测试项目内容暂定二测试项目内容', '中标公告', '今日推荐', '999', '测试项目', '测试', '2', 2015, 1970, 1, '是', '是', '', 1430190630, '', ''),
(618, 4, '投资约400万元停车场智能化工程为', '电气安装工程、通风工程、停车场工程、围墙工程、环氧地坪、智能化工程、道路工程、土石方、消防工程、人防工程、场地平整、给排', '以上级别会员可查看', '以上级别会员可查看', '以上级别会员可查看', '以上级别会员可查看', '以上级别会员可查看', '以上级别会员可查看', 2015, 2, 0, '是', '否', '以上级别会员可查看', 1430178079, '以上级别会员可查看', '以上级别会员可查看'),
(619, 1, 'G107路面修复小修工程 施工招标公告', '本招标项目房山区大件路、良三路、阎河路、G107路面修复小修工程已列入北京市交通委员会路政局2015年工程年度计划，并已', '北京市交通委员会路政局房山公路分局', '孙大为', '01067806076', '北京逸群工程咨询有限公司', '陈海宁', '69376304', 2014, 2015, 0, '是', '否', '', 0, '', ''),
(620, 3, 'd', 'ad', 'asd', 'adsd', '12', 'q2', '12', '122', 1430223300, 1430223300, 0, '是', '否', '11', 1430189302, '11', '122'),
(621, 2, '分到', '2', '2', '2', '2', '2', '2', '2', 1391356800, 1430223300, 0, '是', '否', '123', 1430188678, '3', '3'),
(622, 1, 'hot', '推荐不管用？', '有computer', 'miss', '899', '狼图腾', '小狼', '777', 1430223180, 1430223300, 4, '是', '否', '才', 1430192088, '从', '层'),
(623, 16, '大牛', 'you niu how long', '招商', '银行', '999', '中国', '银河', '000', 1388505600, 2015, 3, '是', '否', '', 1430192188, '', ''),
(624, 3, '为了爱', '所以爱', '想你', '的枣', '999', '爱的深', '伤的深', '888', 1420041600, 2015, 0, '是', '否', '', 1430193213, '', ''),
(625, 20, '1', '1', '1', '1', '1', '1', '1', '1', 1, 1970, 2, '是', '否', '', 1430191902, '', ''),
(626, 1, '今日推荐项目（沙河西区十八号路-满井桥）(监理)中标公告', '测试项目内容暂定二测试项目内容暂定二测试项目内容暂定二测试项目内容暂定二测试项目内容暂定二测试项目内容暂定二测试项目内容', '中标公告', '今日推荐', '999', '测试项目', '测试', '2', 2015, 1970, 1, '是', '否', '', 1430190630, '', ''),
(627, 4, '投资约400万元停车场智能化工程', '电气安装工程、通风工程、停车场工程、围墙工程、环氧地坪、智能化工程、道路工程、土石方、消防工程、人防工程、场地平整、给排', '以上级别会员可查看', '以上级别会员可查看', '以上级别会员可查看', '以上级别会员可查看', '以上级别会员可查看', '以上级别会员可查看', 2015, 2, 0, '是', '否', '以上级别会员可查看', 1430178079, '以上级别会员可查看', '以上级别会员可查看'),
(628, 1, 'G107路面修复小修工程 施工招标公告', '本招标项目房山区大件路、良三路、阎河路、G107路面修复小修工程已列入北京市交通委员会路政局2015年工程年度计划，并已', '北京市交通委员会路政局房山公路分局', '孙大为', '01067806076', '北京逸群工程咨询有限公司', '陈海宁', '69376304', 2014, 2015, 0, '是', '否', '', 0, '', ''),
(629, 3, 'd', 'ad', 'asd', 'adsd', '12', 'q2', '12', '122', 1430223300, 1430223300, 0, '是', '否', '11', 1430189302, '11', '122'),
(630, 2, '分到', '2', '2', '2', '2', '2', '2', '2', 1391356800, 1430223300, 0, '是', '否', '123', 1430188678, '3', '3'),
(631, 1, 'hot', '推荐不管用？', '有computer', 'miss', '899', '狼图腾', '小狼', '777', 1430223180, 1430223300, 4, '是', '否', '才', 1430192088, '从', '层'),
(632, 16, '大牛', 'you niu how long', '招商', '银行', '999', '中国', '银河', '000', 1388505600, 2015, 3, '是', '否', '', 1430192188, '', ''),
(633, 3, '为了爱', '所以爱', '想你', '的枣', '999', '爱的深', '伤的深', '888', 1420041600, 2015, 0, '是', '否', '', 1430193213, '', ''),
(634, 20, '1', '1', '1', '1', '1', '1', '1', '1', 1, 1970, 2, '是', '否', '', 1430191902, '', ''),
(635, 1, '今日推荐项目（沙河西区十八号路-满井桥）(监理)中标公告', '测试项目内容暂定二测试项目内容暂定二测试项目内容暂定二测试项目内容暂定二测试项目内容暂定二测试项目内容暂定二测试项目内容', '中标公告', '今日推荐', '999', '测试项目', '测试', '2', 2015, 1970, 1, '是', '否', '', 1430190630, '', ''),
(636, 4, '投资约400万元停车场智能化工程', '电气安装工程、通风工程、停车场工程、围墙工程、环氧地坪、智能化工程、道路工程、土石方、消防工程、人防工程、场地平整、给排', '以上级别会员可查看', '以上级别会员可查看', '以上级别会员可查看', '以上级别会员可查看', '以上级别会员可查看', '以上级别会员可查看', 2015, 2, 0, '是', '否', '以上级别会员可查看', 1430178079, '以上级别会员可查看', '以上级别会员可查看'),
(637, 1, 'G107路面修复小修工程 施工招标公为', '本招标项目房山区大件路、良三路、阎河路、G107路面修复小修工程已列入北京市交通委员会路政局2015年工程年度计划，并已', '北京市交通委员会路政局房山公路分局', '孙大为', '01067806076', '北京逸群工程咨询有限公司', '陈海宁', '69376304', 2014, 2015, 0, '是', '否', '', 0, '', ''),
(638, 3, 'd', 'ad', 'asd', 'adsd', '12', 'q2', '12', '122', 1430223300, 1430223300, 0, '是', '否', '11', 1430189302, '11', '122'),
(639, 2, '分到', '2', '2', '2', '2', '2', '2', '2', 1391356800, 1430223300, 0, '是', '否', '123', 1430188678, '3', '3'),
(640, 1, 'hot', '推荐不管用？', '有computer', 'miss', '899', '狼图腾', '小狼', '777', 1430223180, 1430223300, 4, '是', '否', '才', 1430192088, '从', '层'),
(641, 16, '大牛', 'you niu how long', '招商', '银行', '999', '中国', '银河', '000', 1388505600, 2015, 3, '是', '否', '', 1430192188, '', ''),
(642, 3, '为了爱', '所以爱', '想你', '的枣', '999', '爱的深', '伤的深', '888', 1420041600, 2015, 0, '是', '否', '', 1430193213, '', ''),
(643, 16, '武侯祠', '位于成都市武侯区，肇始于公元223年修建刘备惠陵时，它是中国唯一的一座君臣合祀祠庙和最负盛名的诸葛亮、刘备及蜀汉英雄纪念地', '招商', '银行', '999', '中国', '银河', '000', 1388505600, 2015, 3, '是', '是', '', 1430192188, '', ''),
(644, 3, '公元二三四年八月', '诸葛亮因积劳成疾，病卒于北伐前线的五丈原（今陕西宝鸡市岐山县城南约20公里），时年五十四岁', '想你', '的枣', '999', '爱的深', '伤的深', '888', 1420041600, 2015, 0, '是', '是', '', 1430193213, '', ''),
(645, 1, '文物区', '由惠陵、汉昭烈庙和武侯祠三部分组成，祠庙现存主体建筑（除惠陵）均为清康熙十一年（公元1672年）重建，坐北朝南，排列在一条中轴线上', '中标公告', '今日推荐', '999', '测试项目', '测试', '2', 2015, 1970, 1, '是', '是', '', 1430190630, '', ''),
(646, 1, '香蕉和芭蕉外形', '香蕉和芭蕉外形看起来非常相似，一般来说香蕉比芭蕉大一些，除了看大小以外，还能靠什么方式分辨这两种水果呢？', '中标公告', '今日推荐', '999', '测试项目', '测试', '2', 2015, 1970, 1, '是', '是', '', 1430201733, '', ''),
(647, 1, '香蕉外形', '香蕉和芭蕉外形看起来非常相似，一般来说香蕉比芭蕉大一些，除了看大小以外，还能靠什么方式分辨这两种水果呢？', '中标公告', '今日推荐', '999', '测试项目', '测试', '2', 2015, 1970, 1, '是', '是', '', 1430201733, '', ''),
(648, 16, '成都武侯祠', '位于成都市武侯区，肇始于公元223年修建刘备惠陵时，它是中国唯一的一座君臣合祀祠庙和最负盛名的诸葛亮、刘备及蜀汉英雄纪念地', '招商', '银行', '999', '中国', '银河', '000', 1388505600, 2015, 3, '是', '是', '', 1430192188, '', ''),
(649, 3, '公元二三四年', '诸葛亮因积劳成疾，病卒于北伐前线的五丈原（今陕西宝鸡市岐山县城南约20公里），时年五十四岁', '想你', '的枣', '999', '爱的深', '伤的深', '888', 1420041600, 2015, 0, '是', '是', '', 1430193213, '', ''),
(650, 1, '惠陵文物区', '由惠陵、汉昭烈庙和武侯祠三部分组成，祠庙现存主体建筑（除惠陵）均为清康熙十一年（公元1672年）重建，坐北朝南，排列在一条中轴线上', '中标公告', '今日推荐', '999', '测试项目', '测试', '2', 2015, 1970, 1, '是', '是', '', 1430190630, '', '');

-- --------------------------------------------------------

--
-- 表的结构 `zr_limits`
--

CREATE TABLE IF NOT EXISTS `zr_limits` (
  `limitsid` int(10) unsigned NOT NULL AUTO_INCREMENT COMMENT '权限id',
  `provinceid` tinyint(3) unsigned NOT NULL DEFAULT '0' COMMENT '省份id',
  `userid` mediumint(8) unsigned DEFAULT '0' COMMENT '用户id',
  `endtime` int(10) unsigned DEFAULT NULL,
  `status` enum('开通','关闭') DEFAULT NULL,
  PRIMARY KEY (`limitsid`),
  KEY `FK_Reference_2` (`provinceid`),
  KEY `FK_Reference_3` (`userid`)
) ENGINE=MyISAM  DEFAULT CHARSET=utf8 COMMENT='访问权限表' AUTO_INCREMENT=4 ;

--
-- 转存表中的数据 `zr_limits`
--

INSERT INTO `zr_limits` (`limitsid`, `provinceid`, `userid`, `endtime`, `status`) VALUES
(1, 1, 1, 1430223300, '关闭'),
(2, 7, 2, 1430223300, '开通'),
(3, 2, 2, 1430223300, '开通');

-- --------------------------------------------------------

--
-- 表的结构 `zr_opinions`
--

CREATE TABLE IF NOT EXISTS `zr_opinions` (
  `opinionid` int(11) NOT NULL AUTO_INCREMENT COMMENT 'id',
  `userid` mediumint(8) unsigned NOT NULL DEFAULT '0' COMMENT '用户id',
  `content` varchar(200) NOT NULL DEFAULT '' COMMENT '提议内容',
  PRIMARY KEY (`opinionid`),
  KEY `FK_Reference_8` (`userid`)
) ENGINE=MyISAM DEFAULT CHARSET=utf8 COMMENT='意见建议' AUTO_INCREMENT=1 ;

-- --------------------------------------------------------

--
-- 表的结构 `zr_orders`
--

CREATE TABLE IF NOT EXISTS `zr_orders` (
  `orderid` int(11) NOT NULL AUTO_INCREMENT COMMENT 'id',
  `userid` mediumint(8) unsigned NOT NULL DEFAULT '0' COMMENT '用户id',
  `provinceid` tinyint(3) unsigned NOT NULL DEFAULT '0' COMMENT '省份id',
  `createdatetime` timestamp NULL DEFAULT '0000-00-00 00:00:00' COMMENT '订单时间',
  `monthnum` tinyint(3) unsigned DEFAULT NULL COMMENT '选购月份',
  `payment` float(10,2) DEFAULT NULL COMMENT '付款金额',
  PRIMARY KEY (`orderid`),
  KEY `FK_Reference_4` (`provinceid`),
  KEY `FK_Reference_5` (`userid`)
) ENGINE=MyISAM DEFAULT CHARSET=utf8 COMMENT='订单表' AUTO_INCREMENT=1 ;

-- --------------------------------------------------------

--
-- 表的结构 `zr_province`
--

CREATE TABLE IF NOT EXISTS `zr_province` (
  `provinceid` smallint(5) unsigned NOT NULL AUTO_INCREMENT COMMENT 'id',
  `provincename` varchar(20) DEFAULT NULL COMMENT '城市',
  `codeid` char(6) DEFAULT NULL COMMENT '编码',
  `pid` smallint(5) unsigned DEFAULT '0' COMMENT '父级id',
  `level` tinyint(3) unsigned DEFAULT '0' COMMENT '级别',
  `optgroup` enum('东北','华北','华东','华南','西南','西北','华中','其它') DEFAULT NULL,
  PRIMARY KEY (`provinceid`)
) ENGINE=MyISAM  DEFAULT CHARSET=utf8 COMMENT='省份' AUTO_INCREMENT=535 ;

--
-- 转存表中的数据 `zr_province`
--

INSERT INTO `zr_province` (`provinceid`, `provincename`, `codeid`, `pid`, `level`, `optgroup`) VALUES
(1, '北京市', '110000', 0, 1, '华北'),
(2, '天津市', '120000', 0, 1, '华北'),
(3, '河北省', '130000', 0, 1, '华北'),
(4, '山西省', '140000', 0, 1, '西北'),
(5, '内蒙古自治区', '150000', 0, 1, '西北'),
(6, '辽宁省', '210000', 0, 1, '东北'),
(7, '吉林省', '220000', 0, 1, '东北'),
(8, '黑龙江省', '230000', 0, 1, '东北'),
(9, '上海市', '310000', 0, 1, '华东'),
(10, '江苏省', '320000', 0, 1, '华东'),
(11, '浙江省', '330000', 0, 1, '华东'),
(12, '安徽省', '340000', 0, 1, '华中'),
(13, '福建省', '350000', 0, 1, '华东'),
(14, '江西省', '360000', 0, 1, '华中'),
(15, '山东省', '370000', 0, 1, '华北'),
(16, '河南省', '410000', 0, 1, '华中'),
(17, '湖北省', '420000', 0, 1, '华中'),
(18, '湖南省', '430000', 0, 1, '华中'),
(19, '广东省', '440000', 0, 1, '华南'),
(20, '广西壮族自治区', '450000', 0, 1, '华南'),
(21, '海南省', '460000', 0, 1, '华南'),
(22, '重庆市', '500000', 0, 1, '西南'),
(23, '四川省', '510000', 0, 1, '西南'),
(24, '贵州省', '520000', 0, 1, '西南'),
(25, '云南省', '530000', 0, 1, '西南'),
(26, '西藏自治区', '540000', 0, 1, '西南'),
(27, '陕西省', '610000', 0, 1, '西北'),
(28, '甘肃省', '620000', 0, 1, '西北'),
(29, '青海省', '630000', 0, 1, '西北'),
(30, '宁夏回族自治区', '640000', 0, 1, '西北'),
(31, '新疆维吾尔自治区', '650000', 0, 1, '西北'),
(32, '台湾省', '710000', 0, 1, '其它'),
(33, '香港特别行政区', '810000', 0, 1, '其它'),
(34, '澳门特别行政区', '820000', 0, 1, '其它'),
(35, '海外', NULL, 0, 1, '其它'),
(36, '其他', NULL, 0, 1, '其它'),
(37, '东城区', '110101', 1, 2, NULL),
(38, '西城区', '110102', 1, 2, NULL),
(39, '崇文区', NULL, 1, 2, NULL),
(40, '宣武区', NULL, 1, 2, NULL),
(41, '朝阳区', '110105', 1, 2, NULL),
(42, '丰台区', '110106', 1, 2, NULL),
(43, '石景山区', '110107', 1, 2, NULL),
(44, '海淀区', '110108', 1, 2, NULL),
(45, '门头沟区', '110109', 1, 2, NULL),
(46, '房山区', '110111', 1, 2, NULL),
(47, '通州区', '110112', 1, 2, NULL),
(48, '顺义区', '110113', 1, 2, NULL),
(49, '昌平区', '110114', 1, 2, NULL),
(50, '大兴区', '110115', 1, 2, NULL),
(51, '怀柔区', '110116', 1, 2, NULL),
(52, '平谷区', '110117', 1, 2, NULL),
(53, '密云县', '110228', 1, 2, NULL),
(54, '延庆县', '110229', 1, 2, NULL),
(55, '和平区', '120101', 2, 2, NULL),
(56, '河东区', '120102', 2, 2, NULL),
(57, '河西区', '120103', 2, 2, NULL),
(58, '南开区', '120104', 2, 2, NULL),
(59, '河北区', '120105', 2, 2, NULL),
(60, '红桥区', '120106', 2, 2, NULL),
(61, '塘沽区', NULL, 2, 2, NULL),
(62, '汉沽区', NULL, 2, 2, NULL),
(63, '大港区', NULL, 2, 2, NULL),
(64, '东丽区', '120110', 2, 2, NULL),
(65, '西青区', '120111', 2, 2, NULL),
(66, '津南区', '120112', 2, 2, NULL),
(67, '北辰区', '120113', 2, 2, NULL),
(68, '武清区', '120114', 2, 2, NULL),
(69, '宝坻区', '120115', 2, 2, NULL),
(70, '宁河县', '120221', 2, 2, NULL),
(71, '静海县', '120223', 2, 2, NULL),
(72, '蓟县', '120225', 2, 2, NULL),
(73, '石家庄市', '130100', 3, 2, NULL),
(74, '唐山市', '130200', 3, 2, NULL),
(75, '秦皇岛市', '130300', 3, 2, NULL),
(76, '邯郸市', '130400', 3, 2, NULL),
(77, '邢台市', '130500', 3, 2, NULL),
(78, '保定市', '130600', 3, 2, NULL),
(79, '张家口市', '130700', 3, 2, NULL),
(80, '承德市', '130800', 3, 2, NULL),
(81, '衡水市', '131100', 3, 2, NULL),
(82, '廊坊市', '131000', 3, 2, NULL),
(83, '沧州市', '130900', 3, 2, NULL),
(84, '太原市', '140100', 4, 2, NULL),
(85, '大同市', '140200', 4, 2, NULL),
(86, '阳泉市', '140300', 4, 2, NULL),
(87, '长治市', '140400', 4, 2, NULL),
(88, '晋城市', '140500', 4, 2, NULL),
(89, '朔州市', '140600', 4, 2, NULL),
(90, '晋中市', '140700', 4, 2, NULL),
(91, '运城市', '140800', 4, 2, NULL),
(92, '忻州市', '140900', 4, 2, NULL),
(93, '临汾市', '141000', 4, 2, NULL),
(94, '吕梁市', '141100', 4, 2, NULL),
(95, '呼和浩特市', '150100', 5, 2, NULL),
(96, '包头市', '150200', 5, 2, NULL),
(97, '乌海市', '150300', 5, 2, NULL),
(98, '赤峰市', '150400', 5, 2, NULL),
(99, '通辽市', '150500', 5, 2, NULL),
(100, '鄂尔多斯市', '150600', 5, 2, NULL),
(101, '呼伦贝尔市', '150700', 5, 2, NULL),
(102, '巴彦淖尔市', '150800', 5, 2, NULL),
(103, '乌兰察布市', '150900', 5, 2, NULL),
(104, '兴安盟', '152200', 5, 2, NULL),
(105, '锡林郭勒盟', '152500', 5, 2, NULL),
(106, '阿拉善盟', '152900', 5, 2, NULL),
(107, '沈阳市', '210100', 6, 2, NULL),
(108, '大连市', '210200', 6, 2, NULL),
(109, '鞍山市', '210300', 6, 2, NULL),
(110, '抚顺市', '210400', 6, 2, NULL),
(111, '本溪市', '210500', 6, 2, NULL),
(112, '丹东市', '210600', 6, 2, NULL),
(113, '锦州市', '210700', 6, 2, NULL),
(114, '营口市', '210800', 6, 2, NULL),
(115, '阜新市', '210900', 6, 2, NULL),
(116, '辽阳市', '211000', 6, 2, NULL),
(117, '盘锦市', '211100', 6, 2, NULL),
(118, '铁岭市', '211200', 6, 2, NULL),
(119, '朝阳市', '211300', 6, 2, NULL),
(120, '葫芦岛市', '211400', 6, 2, NULL),
(121, '长春市', '220100', 7, 2, NULL),
(122, '吉林市', '220200', 7, 2, NULL),
(123, '四平市', '220300', 7, 2, NULL),
(124, '辽源市', '220400', 7, 2, NULL),
(125, '通化市', '220500', 7, 2, NULL),
(126, '白山市', '220600', 7, 2, NULL),
(127, '松原市', '220700', 7, 2, NULL),
(128, '白城市', '220800', 7, 2, NULL),
(129, '延边朝鲜族自治州', '222400', 7, 2, NULL),
(130, '哈尔滨市', '230100', 8, 2, NULL),
(131, '齐齐哈尔市', '230200', 8, 2, NULL),
(132, '鸡西市', '230300', 8, 2, NULL),
(133, '鹤岗市', '230400', 8, 2, NULL),
(134, '双鸭山市', '230500', 8, 2, NULL),
(135, '大庆市', '230600', 8, 2, NULL),
(136, '伊春市', '230700', 8, 2, NULL),
(137, '佳木斯市', '230800', 8, 2, NULL),
(138, '七台河市', '230900', 8, 2, NULL),
(139, '牡丹江市', '231000', 8, 2, NULL),
(140, '黑河市', '231100', 8, 2, NULL),
(141, '绥化市', '231200', 8, 2, NULL),
(142, '大兴安岭地区', '232700', 8, 2, NULL),
(143, '黄浦区', '310101', 9, 2, NULL),
(144, '卢湾区', NULL, 9, 2, NULL),
(145, '徐汇区', '310104', 9, 2, NULL),
(146, '长宁区', '310105', 9, 2, NULL),
(147, '静安区', '310106', 9, 2, NULL),
(148, '普陀区', '310107', 9, 2, NULL),
(149, '闸北区', '310108', 9, 2, NULL),
(150, '虹口区', '310109', 9, 2, NULL),
(151, '杨浦区', '310110', 9, 2, NULL),
(152, '闵行区', '310112', 9, 2, NULL),
(153, '宝山区', '230506', 9, 2, NULL),
(154, '嘉定区', '310114', 9, 2, NULL),
(155, '浦东新区', '310115', 9, 2, NULL),
(156, '金山区', '310116', 9, 2, NULL),
(157, '松江区', '310117', 9, 2, NULL),
(158, '青浦区', '310118', 9, 2, NULL),
(159, '南汇区', NULL, 9, 2, NULL),
(160, '奉贤区', '310120', 9, 2, NULL),
(161, '崇明县', '310230', 9, 2, NULL),
(162, '南京市', '320100', 10, 2, NULL),
(163, '无锡市', '320200', 10, 2, NULL),
(164, '徐州市', '320300', 10, 2, NULL),
(165, '常州市', '320400', 10, 2, NULL),
(166, '苏州市', '320500', 10, 2, NULL),
(167, '南通市', '320600', 10, 2, NULL),
(168, '连云港市', '320700', 10, 2, NULL),
(169, '淮安市', '320800', 10, 2, NULL),
(170, '盐城市', '320900', 10, 2, NULL),
(171, '扬州市', '321000', 10, 2, NULL),
(172, '镇江市', '321100', 10, 2, NULL),
(173, '泰州市', '321200', 10, 2, NULL),
(174, '宿迁市', '321300', 10, 2, NULL),
(175, '杭州市', '330100', 11, 2, NULL),
(176, '宁波市', '330200', 11, 2, NULL),
(177, '温州市', '330300', 11, 2, NULL),
(178, '嘉兴市', '330400', 11, 2, NULL),
(179, '湖州市', '330500', 11, 2, NULL),
(180, '绍兴市', '330600', 11, 2, NULL),
(181, '舟山市', '330900', 11, 2, NULL),
(182, '衢州市', '330800', 11, 2, NULL),
(183, '金华市', '330700', 11, 2, NULL),
(184, '台州市', '331000', 11, 2, NULL),
(185, '丽水市', '331100', 11, 2, NULL),
(186, '合肥市', '340100', 12, 2, NULL),
(187, '芜湖市', '340200', 12, 2, NULL),
(188, '蚌埠市', '340300', 12, 2, NULL),
(189, '淮南市', '340400', 12, 2, NULL),
(190, '马鞍山市', '340500', 12, 2, NULL),
(191, '淮北市', '340600', 12, 2, NULL),
(192, '铜陵市', '340700', 12, 2, NULL),
(193, '安庆市', '340800', 12, 2, NULL),
(194, '黄山市', '341000', 12, 2, NULL),
(195, '滁州市', '341100', 12, 2, NULL),
(196, '阜阳市', '341200', 12, 2, NULL),
(197, '宿州市', '341300', 12, 2, NULL),
(198, '巢湖市', '340181', 12, 2, NULL),
(199, '六安市', '341500', 12, 2, NULL),
(200, '亳州市', '341600', 12, 2, NULL),
(201, '池州市', '341700', 12, 2, NULL),
(202, '宣城市', '341800', 12, 2, NULL),
(203, '福州市', '350100', 13, 2, NULL),
(204, '厦门市', '350200', 13, 2, NULL),
(205, '莆田市', '350300', 13, 2, NULL),
(206, '三明市', '350400', 13, 2, NULL),
(207, '泉州市', '350500', 13, 2, NULL),
(208, '漳州市', '350600', 13, 2, NULL),
(209, '南平市', '350700', 13, 2, NULL),
(210, '龙岩市', '350800', 13, 2, NULL),
(211, '宁德市', '350900', 13, 2, NULL),
(212, '南昌市', '360100', 14, 2, NULL),
(213, '景德镇市', '360200', 14, 2, NULL),
(214, '萍乡市', '360300', 14, 2, NULL),
(215, '九江市', '360400', 14, 2, NULL),
(216, '新余市', '360500', 14, 2, NULL),
(217, '鹰潭市', '360600', 14, 2, NULL),
(218, '赣州市', '360700', 14, 2, NULL),
(219, '吉安市', '360800', 14, 2, NULL),
(220, '宜春市', '360900', 14, 2, NULL),
(221, '抚州市', '361000', 14, 2, NULL),
(222, '上饶市', '361100', 14, 2, NULL),
(223, '济南市', '370100', 15, 2, NULL),
(224, '青岛市', '370200', 15, 2, NULL),
(225, '淄博市', '370300', 15, 2, NULL),
(226, '枣庄市', '370400', 15, 2, NULL),
(227, '东营市', '370500', 15, 2, NULL),
(228, '烟台市', '370600', 15, 2, NULL),
(229, '潍坊市', '370700', 15, 2, NULL),
(230, '济宁市', '370800', 15, 2, NULL),
(231, '泰安市', '370900', 15, 2, NULL),
(232, '威海市', '371000', 15, 2, NULL),
(233, '日照市', '371100', 15, 2, NULL),
(234, '莱芜市', '371200', 15, 2, NULL),
(235, '临沂市', '371300', 15, 2, NULL),
(236, '德州市', '371400', 15, 2, NULL),
(237, '聊城市', '371500', 15, 2, NULL),
(238, '滨州市', '371600', 15, 2, NULL),
(239, '菏泽市', '371700', 15, 2, NULL),
(240, '郑州市', '410100', 16, 2, NULL),
(241, '开封市', '410200', 16, 2, NULL),
(242, '洛阳市', '410300', 16, 2, NULL),
(243, '平顶山市', '410400', 16, 2, NULL),
(244, '安阳市', '410500', 16, 2, NULL),
(245, '鹤壁市', '410600', 16, 2, NULL),
(246, '新乡市', '410700', 16, 2, NULL),
(247, '焦作市', '410800', 16, 2, NULL),
(248, '濮阳市', '410900', 16, 2, NULL),
(249, '许昌市', '411000', 16, 2, NULL),
(250, '漯河市', '411100', 16, 2, NULL),
(251, '三门峡市', '411200', 16, 2, NULL),
(252, '南阳市', '411300', 16, 2, NULL),
(253, '商丘市', '411400', 16, 2, NULL),
(254, '信阳市', '411500', 16, 2, NULL),
(255, '周口市', '411600', 16, 2, NULL),
(256, '驻马店市', '411700', 16, 2, NULL),
(257, '济源市', '419001', 16, 2, NULL),
(258, '武汉市', '420100', 17, 2, NULL),
(259, '黄石市', '420200', 17, 2, NULL),
(260, '十堰市', '420300', 17, 2, NULL),
(261, '宜昌市', '420500', 17, 2, NULL),
(262, '襄樊市', NULL, 17, 2, NULL),
(263, '鄂州市', '420700', 17, 2, NULL),
(264, '荆门市', '420800', 17, 2, NULL),
(265, '孝感市', '420900', 17, 2, NULL),
(266, '荆州市', '421000', 17, 2, NULL),
(267, '黄冈市', '421100', 17, 2, NULL),
(268, '咸宁市', '421200', 17, 2, NULL),
(269, '随州市', '421300', 17, 2, NULL),
(270, '恩施土家族苗族自治州', '422800', 17, 2, NULL),
(271, '仙桃市', '429004', 17, 2, NULL),
(272, '潜江市', '429005', 17, 2, NULL),
(273, '天门市', '429006', 17, 2, NULL),
(274, '神农架林区', '429021', 17, 2, NULL),
(275, '长沙市', '430100', 18, 2, NULL),
(276, '株洲市', '430200', 18, 2, NULL),
(277, '湘潭市', '430300', 18, 2, NULL),
(278, '衡阳市', '430400', 18, 2, NULL),
(279, '邵阳市', '430500', 18, 2, NULL),
(280, '岳阳市', '430600', 18, 2, NULL),
(281, '常德市', '430700', 18, 2, NULL),
(282, '张家界市', '430800', 18, 2, NULL),
(283, '益阳市', '430900', 18, 2, NULL),
(284, '郴州市', '431000', 18, 2, NULL),
(285, '永州市', '431100', 18, 2, NULL),
(286, '怀化市', '431200', 18, 2, NULL),
(287, '娄底市', '431300', 18, 2, NULL),
(288, '湘西土家族苗族自治州', '433100', 18, 2, NULL),
(289, '广州市', '440100', 19, 2, NULL),
(290, '韶关市', '440200', 19, 2, NULL),
(291, '深圳市', '440300', 19, 2, NULL),
(292, '珠海市', '440400', 19, 2, NULL),
(293, '汕头市', '440500', 19, 2, NULL),
(294, '佛山市', '440600', 19, 2, NULL),
(295, '江门市', '440700', 19, 2, NULL),
(296, '湛江市', '440800', 19, 2, NULL),
(297, '茂名市', '440900', 19, 2, NULL),
(298, '肇庆市', '441200', 19, 2, NULL),
(299, '惠州市', '441300', 19, 2, NULL),
(300, '梅州市', '441400', 19, 2, NULL),
(301, '汕尾市', '441500', 19, 2, NULL),
(302, '河源市', '441600', 19, 2, NULL),
(303, '阳江市', '441700', 19, 2, NULL),
(304, '清远市', '441800', 19, 2, NULL),
(305, '东莞市', '441900', 19, 2, NULL),
(306, '中山市', '442000', 19, 2, NULL),
(307, '潮州市', '445100', 19, 2, NULL),
(308, '揭阳市', '445200', 19, 2, NULL),
(309, '云浮市', '445300', 19, 2, NULL),
(310, '南宁市', '450100', 20, 2, NULL),
(311, '柳州市', '450200', 20, 2, NULL),
(312, '桂林市', '450300', 20, 2, NULL),
(313, '梧州市', '450400', 20, 2, NULL),
(314, '北海市', '450500', 20, 2, NULL),
(315, '防城港市', '450600', 20, 2, NULL),
(316, '钦州市', '450700', 20, 2, NULL),
(317, '贵港市', '450800', 20, 2, NULL),
(318, '玉林市', '450900', 20, 2, NULL),
(319, '百色市', '451000', 20, 2, NULL),
(320, '贺州市', '451100', 20, 2, NULL),
(321, '河池市', '451200', 20, 2, NULL),
(322, '来宾市', '451300', 20, 2, NULL),
(323, '崇左市', '451400', 20, 2, NULL),
(324, '海口市', '460100', 21, 2, NULL),
(325, '三亚市', '460200', 21, 2, NULL),
(326, '五指山市', '469001', 21, 2, NULL),
(327, '琼海市', '469002', 21, 2, NULL),
(328, '儋州市', '469003', 21, 2, NULL),
(329, '文昌市', '469005', 21, 2, NULL),
(330, '万宁市', '469006', 21, 2, NULL),
(331, '东方市', '469007', 21, 2, NULL),
(332, '定安县', '469021', 21, 2, NULL),
(333, '屯昌县', '469022', 21, 2, NULL),
(334, '澄迈县', '469023', 21, 2, NULL),
(335, '临高县', '469024', 21, 2, NULL),
(336, '白沙黎族自治县', '469025', 21, 2, NULL),
(337, '昌江黎族自治县', '469026', 21, 2, NULL),
(338, '乐东黎族自治县', '469027', 21, 2, NULL),
(339, '陵水黎族自治县', '469028', 21, 2, NULL),
(340, '保亭黎族苗族自治县', '469029', 21, 2, NULL),
(341, '琼中黎族苗族自治县', '469030', 21, 2, NULL),
(342, '西沙群岛', '460321', 21, 2, NULL),
(343, '南沙群岛', '460322', 21, 2, NULL),
(344, '中沙群岛的岛礁及其海域', '460323', 21, 2, NULL),
(345, '万州区', '500101', 22, 2, NULL),
(346, '涪陵区', '500102', 22, 2, NULL),
(347, '渝中区', '500103', 22, 2, NULL),
(348, '大渡口区', '500104', 22, 2, NULL),
(349, '江北区', '330205', 22, 2, NULL),
(350, '沙坪坝区', '500106', 22, 2, NULL),
(351, '九龙坡区', '500107', 22, 2, NULL),
(352, '南岸区', '500108', 22, 2, NULL),
(353, '北碚区', '500109', 22, 2, NULL),
(354, '双桥区', '130802', 22, 2, NULL),
(355, '万盛区', NULL, 22, 2, NULL),
(356, '渝北区', '500112', 22, 2, NULL),
(357, '巴南区', '500113', 22, 2, NULL),
(358, '黔江区', '500114', 22, 2, NULL),
(359, '长寿区', '500115', 22, 2, NULL),
(360, '綦江县', NULL, 22, 2, NULL),
(361, '潼南县', '500223', 22, 2, NULL),
(362, '铜梁县', '500224', 22, 2, NULL),
(363, '大足县', NULL, 22, 2, NULL),
(364, '荣昌县', '500226', 22, 2, NULL),
(365, '璧山县', '500227', 22, 2, NULL),
(366, '梁平县', '500228', 22, 2, NULL),
(367, '城口县', '500229', 22, 2, NULL),
(368, '丰都县', '500230', 22, 2, NULL),
(369, '垫江县', '500231', 22, 2, NULL),
(370, '武隆县', '500232', 22, 2, NULL),
(371, '忠县', '500233', 22, 2, NULL),
(372, '开县', '500234', 22, 2, NULL),
(373, '云阳县', '500235', 22, 2, NULL),
(374, '奉节县', '500236', 22, 2, NULL),
(375, '巫山县', '500237', 22, 2, NULL),
(376, '巫溪县', '500238', 22, 2, NULL),
(377, '石柱土家族自治县', '500240', 22, 2, NULL),
(378, '秀山土家族苗族自治县', '500241', 22, 2, NULL),
(379, '酉阳土家族苗族自治县', '500242', 22, 2, NULL),
(380, '彭水苗族土家族自治县', '500243', 22, 2, NULL),
(381, '江津市', NULL, 22, 2, NULL),
(382, '合川市', NULL, 22, 2, NULL),
(383, '永川市', NULL, 22, 2, NULL),
(384, '南川市', NULL, 22, 2, NULL),
(385, '成都市', '510100', 23, 2, NULL),
(386, '自贡市', '510300', 23, 2, NULL),
(387, '攀枝花市', '510400', 23, 2, NULL),
(388, '泸州市', '510500', 23, 2, NULL),
(389, '德阳市', '510600', 23, 2, NULL),
(390, '绵阳市', '510700', 23, 2, NULL),
(391, '广元市', '510800', 23, 2, NULL),
(392, '遂宁市', '510900', 23, 2, NULL),
(393, '内江市', '511000', 23, 2, NULL),
(394, '乐山市', '511100', 23, 2, NULL),
(395, '南充市', '511300', 23, 2, NULL),
(396, '眉山市', '511400', 23, 2, NULL),
(397, '宜宾市', '511500', 23, 2, NULL),
(398, '广安市', '511600', 23, 2, NULL),
(399, '达州市', '511700', 23, 2, NULL),
(400, '雅安市', '511800', 23, 2, NULL),
(401, '巴中市', '511900', 23, 2, NULL),
(402, '资阳市', '512000', 23, 2, NULL),
(403, '阿坝藏族羌族自治州', '513200', 23, 2, NULL),
(404, '甘孜藏族自治州', '513300', 23, 2, NULL),
(405, '凉山彝族自治州', '513400', 23, 2, NULL),
(406, '贵阳市', '520100', 24, 2, NULL),
(407, '六盘水市', '520200', 24, 2, NULL),
(408, '遵义市', '520300', 24, 2, NULL),
(409, '安顺市', '520400', 24, 2, NULL),
(410, '铜仁地区', NULL, 24, 2, NULL),
(411, '黔西南布依族苗族自治州', '522300', 24, 2, NULL),
(412, '毕节地区', NULL, 24, 2, NULL),
(413, '黔东南苗族侗族自治州', '522600', 24, 2, NULL),
(414, '黔南布依族苗族自治州', '522700', 24, 2, NULL),
(415, '昆明市', '530100', 25, 2, NULL),
(416, '曲靖市', '530300', 25, 2, NULL),
(417, '玉溪市', '530400', 25, 2, NULL),
(418, '保山市', '530500', 25, 2, NULL),
(419, '昭通市', '530600', 25, 2, NULL),
(420, '丽江市', '530700', 25, 2, NULL),
(421, '思茅市', NULL, 25, 2, NULL),
(422, '临沧市', '530900', 25, 2, NULL),
(423, '楚雄彝族自治州', '532300', 25, 2, NULL),
(424, '红河哈尼族彝族自治州', '532500', 25, 2, NULL),
(425, '文山壮族苗族自治州', '532600', 25, 2, NULL),
(426, '西双版纳傣族自治州', '532800', 25, 2, NULL),
(427, '大理白族自治州', '532900', 25, 2, NULL),
(428, '德宏傣族景颇族自治州', '533100', 25, 2, NULL),
(429, '怒江傈僳族自治州', '533300', 25, 2, NULL),
(430, '迪庆藏族自治州', '533400', 25, 2, NULL),
(431, '拉萨市', '540100', 26, 2, NULL),
(432, '昌都地区', '542100', 26, 2, NULL),
(433, '山南地区', '542200', 26, 2, NULL),
(434, '日喀则地区', '542300', 26, 2, NULL),
(435, '那曲地区', '542400', 26, 2, NULL),
(436, '阿里地区', '542500', 26, 2, NULL),
(437, '林芝地区', '542600', 26, 2, NULL),
(438, '西安市', '610100', 27, 2, NULL),
(439, '铜川市', '610200', 27, 2, NULL),
(440, '宝鸡市', '610300', 27, 2, NULL),
(441, '咸阳市', '610400', 27, 2, NULL),
(442, '渭南市', '610500', 27, 2, NULL),
(443, '延安市', '610600', 27, 2, NULL),
(444, '汉中市', '610700', 27, 2, NULL),
(445, '榆林市', '610800', 27, 2, NULL),
(446, '安康市', '610900', 27, 2, NULL),
(447, '商洛市', '611000', 27, 2, NULL),
(448, '兰州市', '620100', 28, 2, NULL),
(449, '嘉峪关市', '620200', 28, 2, NULL),
(450, '金昌市', '620300', 28, 2, NULL),
(451, '白银市', '620400', 28, 2, NULL),
(452, '天水市', '620500', 28, 2, NULL),
(453, '武威市', '620600', 28, 2, NULL),
(454, '张掖市', '620700', 28, 2, NULL),
(455, '平凉市', '620800', 28, 2, NULL),
(456, '酒泉市', '620900', 28, 2, NULL),
(457, '庆阳市', '621000', 28, 2, NULL),
(458, '定西市', '621100', 28, 2, NULL),
(459, '陇南市', '621200', 28, 2, NULL),
(460, '临夏回族自治州', '622900', 28, 2, NULL),
(461, '甘南藏族自治州', '623000', 28, 2, NULL),
(462, '西宁市', '630100', 29, 2, NULL),
(463, '海东地区', NULL, 29, 2, NULL),
(464, '海北藏族自治州', '632200', 29, 2, NULL),
(465, '黄南藏族自治州', '632300', 29, 2, NULL),
(466, '海南藏族自治州', '632500', 29, 2, NULL),
(467, '果洛藏族自治州', '632600', 29, 2, NULL),
(468, '玉树藏族自治州', '632700', 29, 2, NULL),
(469, '海西蒙古族藏族自治州', '632800', 29, 2, NULL),
(470, '银川市', '640100', 30, 2, NULL),
(471, '石嘴山市', '640200', 30, 2, NULL),
(472, '吴忠市', '640300', 30, 2, NULL),
(473, '固原市', '640400', 30, 2, NULL),
(474, '中卫市', '640500', 30, 2, NULL),
(475, '乌鲁木齐市', '650100', 31, 2, NULL),
(476, '克拉玛依市', '650200', 31, 2, NULL),
(477, '吐鲁番地区', '652100', 31, 2, NULL),
(478, '哈密地区', '652200', 31, 2, NULL),
(479, '昌吉回族自治州', '652300', 31, 2, NULL),
(480, '博尔塔拉蒙古自治州', '652700', 31, 2, NULL),
(481, '巴音郭楞蒙古自治州', '652800', 31, 2, NULL),
(482, '阿克苏地区', '652900', 31, 2, NULL),
(483, '克孜勒苏柯尔克孜自治州', '653000', 31, 2, NULL),
(484, '喀什地区', '653100', 31, 2, NULL),
(485, '和田地区', '653200', 31, 2, NULL),
(486, '伊犁哈萨克自治州', '654000', 31, 2, NULL),
(487, '塔城地区', '654200', 31, 2, NULL),
(488, '阿勒泰地区', '654300', 31, 2, NULL),
(489, '石河子市', '659001', 31, 2, NULL),
(490, '阿拉尔市', '659002', 31, 2, NULL),
(491, '图木舒克市', '659003', 31, 2, NULL),
(492, '五家渠市', '659004', 31, 2, NULL),
(493, '台北市', NULL, 32, 2, NULL),
(494, '高雄市', NULL, 32, 2, NULL),
(495, '基隆市', NULL, 32, 2, NULL),
(496, '台中市', NULL, 32, 2, NULL),
(497, '台南市', NULL, 32, 2, NULL),
(498, '新竹市', NULL, 32, 2, NULL),
(499, '嘉义市', NULL, 32, 2, NULL),
(500, '台北县', NULL, 32, 2, NULL),
(501, '宜兰县', NULL, 32, 2, NULL),
(502, '桃园县', NULL, 32, 2, NULL),
(503, '新竹县', NULL, 32, 2, NULL),
(504, '苗栗县', NULL, 32, 2, NULL),
(505, '台中县', NULL, 32, 2, NULL),
(506, '彰化县', NULL, 32, 2, NULL),
(507, '南投县', NULL, 32, 2, NULL),
(508, '云林县', NULL, 32, 2, NULL),
(509, '嘉义县', NULL, 32, 2, NULL),
(510, '台南县', NULL, 32, 2, NULL),
(511, '高雄县', NULL, 32, 2, NULL),
(512, '屏东县', NULL, 32, 2, NULL),
(513, '澎湖县', NULL, 32, 2, NULL),
(514, '台东县', NULL, 32, 2, NULL),
(515, '花莲县', NULL, 32, 2, NULL),
(516, '中西区', NULL, 33, 2, NULL),
(517, '东区', '510402', 33, 2, NULL),
(518, '九龙城区', NULL, 33, 2, NULL),
(519, '观塘区', NULL, 33, 2, NULL),
(520, '南区', NULL, 33, 2, NULL),
(521, '深水埗区', NULL, 33, 2, NULL),
(522, '黄大仙区', NULL, 33, 2, NULL),
(523, '湾仔区', NULL, 33, 2, NULL),
(524, '油尖旺区', NULL, 33, 2, NULL),
(525, '离岛区', NULL, 33, 2, NULL),
(526, '葵青区', NULL, 33, 2, NULL),
(527, '北区', NULL, 33, 2, NULL),
(528, '西贡区', NULL, 33, 2, NULL),
(529, '沙田区', NULL, 33, 2, NULL),
(530, '屯门区', NULL, 33, 2, NULL),
(531, '大埔区', NULL, 33, 2, NULL),
(532, '荃湾区', NULL, 33, 2, NULL),
(533, '元朗区', NULL, 33, 2, NULL),
(534, '澳门特别行政区', '820000', 34, 2, NULL);

-- --------------------------------------------------------

--
-- 表的结构 `zr_searchhot`
--

CREATE TABLE IF NOT EXISTS `zr_searchhot` (
  `id` tinyint(3) unsigned NOT NULL AUTO_INCREMENT COMMENT 'id',
  `search_hot` varchar(20) NOT NULL COMMENT '搜索词',
  `hit_heat` smallint(5) unsigned DEFAULT '0' COMMENT '搜索热度',
  `search_time` int(10) unsigned DEFAULT '0' COMMENT '搜索时间',
  PRIMARY KEY (`id`),
  UNIQUE KEY `search_hot` (`search_hot`)
) ENGINE=MyISAM  DEFAULT CHARSET=utf8 COMMENT='热词搜索' AUTO_INCREMENT=24 ;

--
-- 转存表中的数据 `zr_searchhot`
--

INSERT INTO `zr_searchhot` (`id`, `search_hot`, `hit_heat`, `search_time`) VALUES
(1, '红河', 41, 0),
(2, '红河23', 0, 0),
(3, '深夜路黑', 9, 0),
(4, '深夜路黑1', 1, 0),
(5, '红河4', 0, 0),
(6, '黑夜路长', 2, 0),
(7, '个v', 2, 0),
(8, '深夜', 0, 0),
(9, '2年内', 3, 0),
(10, '架构项目', 1, 0),
(11, '5年内', 0, 0),
(12, 'LOK', 0, 0),
(13, '红河5', 0, 0),
(14, '今年', 2, 0),
(15, '今', 48, 0),
(16, '分', 65, 0),
(17, '牛逼', 164, 0),
(18, '400', 9, 0),
(19, '今日', 5, 0),
(20, '百万', 3, 0),
(21, '爱', 0, 0),
(22, '牛', 40, 0),
(23, '', 71, 0);

-- --------------------------------------------------------

--
-- 表的结构 `zr_server`
--

CREATE TABLE IF NOT EXISTS `zr_server` (
  `id` int(10) unsigned NOT NULL AUTO_INCREMENT COMMENT 'id',
  `httpuseragent` varchar(200) DEFAULT NULL COMMENT 'agent',
  `visittime` int(10) unsigned DEFAULT NULL COMMENT '????ʱ??',
  `ipv4` int(10) unsigned DEFAULT NULL COMMENT 'ipv4',
  PRIMARY KEY (`id`)
) ENGINE=MyISAM  DEFAULT CHARSET=utf8 COMMENT='user??????' AUTO_INCREMENT=15 ;

--
-- 转存表中的数据 `zr_server`
--

INSERT INTO `zr_server` (`id`, `httpuseragent`, `visittime`, `ipv4`) VALUES
(1, 'Mozilla/5.0 (Windows NT 5.1; rv:33.0) Gecko/20100101 Firefox/33.0', 1430623345, 2130706433),
(2, 'Mozilla/5.0 (Windows NT 5.1; rv:33.0) Gecko/20100101 Firefox/33.0', 1430714623, 2130706433),
(3, 'Mozilla/5.0 (Windows NT 5.1; rv:33.0) Gecko/20100101 Firefox/33.0', 1430714639, 2130706433),
(4, 'Mozilla/5.0 (Windows NT 5.1; rv:33.0) Gecko/20100101 Firefox/33.0', 1430714665, 2130706433),
(5, 'Mozilla/5.0 (Windows NT 5.1; rv:33.0) Gecko/20100101 Firefox/33.0', 1430714665, 2130706433),
(6, 'Mozilla/5.0 (Windows NT 5.1; rv:33.0) Gecko/20100101 Firefox/33.0', 1430714666, 2130706433),
(7, 'Mozilla/5.0 (Windows NT 5.1; rv:33.0) Gecko/20100101 Firefox/33.0', 1430714666, 2130706433),
(8, 'Mozilla/5.0 (Windows NT 5.1; rv:33.0) Gecko/20100101 Firefox/33.0', 1430714666, 2130706433),
(9, 'Mozilla/5.0 (Windows NT 5.1; rv:33.0) Gecko/20100101 Firefox/33.0', 1430714671, 2130706433),
(10, 'Mozilla/5.0 (Windows NT 5.1; rv:33.0) Gecko/20100101 Firefox/33.0', 1430714713, 2130706433),
(11, 'Mozilla/5.0 (Windows NT 5.1; rv:33.0) Gecko/20100101 Firefox/33.0', 1430714725, 2130706433),
(12, 'Mozilla/5.0 (Windows NT 5.1; rv:33.0) Gecko/20100101 Firefox/33.0', 1430714754, 2130706433),
(13, 'Mozilla/5.0 (Windows NT 5.1; rv:33.0) Gecko/20100101 Firefox/33.0', 1430714772, 2130706433),
(14, 'Mozilla/5.0 (Windows NT 5.1; rv:33.0) Gecko/20100101 Firefox/33.0', 1430743256, 2130706433);

-- --------------------------------------------------------

--
-- 表的结构 `zr_sphinx`
--

CREATE TABLE IF NOT EXISTS `zr_sphinx` (
  `id` smallint(5) unsigned NOT NULL AUTO_INCREMENT,
  `updatetime` int(10) unsigned DEFAULT NULL,
  `infoid` int(10) unsigned DEFAULT NULL,
  PRIMARY KEY (`id`)
) ENGINE=MyISAM DEFAULT CHARSET=utf8 COMMENT='sphinx' AUTO_INCREMENT=1 ;

-- --------------------------------------------------------

--
-- 表的结构 `zr_subject`
--

CREATE TABLE IF NOT EXISTS `zr_subject` (
  `id` tinyint(3) unsigned NOT NULL AUTO_INCREMENT COMMENT 'id',
  `subject` varchar(20) NOT NULL COMMENT '专题名',
  `subcontent` varchar(200) DEFAULT '' COMMENT '专题概述',
  `subc_info` varchar(200) DEFAULT '' COMMENT '专题系列',
  `subc_img` varchar(150) DEFAULT NULL COMMENT '专题图片',
  `thumb_img` varchar(150) DEFAULT NULL COMMENT '缩略图',
  PRIMARY KEY (`id`)
) ENGINE=MyISAM  DEFAULT CHARSET=utf8 COMMENT='专题系列' AUTO_INCREMENT=9 ;

--
-- 转存表中的数据 `zr_subject`
--

INSERT INTO `zr_subject` (`id`, `subject`, `subcontent`, `subc_info`, `subc_img`, `thumb_img`) VALUES
(1, 'd', 'd', '3,8,9,12', 'Subject/2015-04-30/5541f8437cdc3.jpg', 'Subject/2015-04-30/thumb_5541f8437cdc3.jpg'),
(2, '3', '3', '3,38', 'Subject/2015-04-29/5540e2a01e4a7.jpg', 'Subject/2015-04-29/thumb_5540e2a01e4a7.jpg'),
(3, '专题2', '青蛙养殖', '', 'Subject/2015-04-29/5540e2a995f25.jpg', 'Subject/2015-04-29/thumb_5540e2a995f25.jpg'),
(4, '23', '123', '', 'Subject/2015-04-29/5540e2b361796.jpg', 'Subject/2015-04-29/thumb_5540e2b361796.jpg'),
(5, '打发', '124', '2,3,12', 'Subject/2015-04-29/5540d7961f983.jpg', 'Subject/2015-04-29/thumb_5540d7961f983.jpg'),
(6, '这边风险更胜', '风险与收益', '2,12', 'Subject/2015-04-29/5540d7a2ba740.jpg', 'Subject/2015-04-29/thumb_5540d7a2ba740.jpg'),
(8, '测试合并', '123', '3,8', 'Subject/2015-04-29/5540d7aeb4a89.jpg', 'Subject/2015-04-29/thumb_5540d7aeb4a89.jpg');

-- --------------------------------------------------------

--
-- 表的结构 `zr_uptime`
--

CREATE TABLE IF NOT EXISTS `zr_uptime` (
  `id` int(10) unsigned NOT NULL
) ENGINE=InnoDB DEFAULT CHARSET=utf8;

--
-- 转存表中的数据 `zr_uptime`
--

INSERT INTO `zr_uptime` (`id`) VALUES
(650);

-- --------------------------------------------------------

--
-- 表的结构 `zr_users`
--

CREATE TABLE IF NOT EXISTS `zr_users` (
  `userid` mediumint(8) unsigned NOT NULL AUTO_INCREMENT COMMENT 'id',
  `username` varchar(20) NOT NULL COMMENT '用户名',
  `openid` varchar(32) NOT NULL COMMENT '公钥',
  `createdatetime` int(10) unsigned NOT NULL COMMENT '注册时间',
  `realname` varchar(20) NOT NULL DEFAULT '' COMMENT '真实姓名',
  `gender` enum('男','女','保密') DEFAULT '保密' COMMENT '性别',
  `cellphone` varchar(50) DEFAULT NULL COMMENT '电话',
  `units` varchar(50) DEFAULT NULL COMMENT '单位',
  `othercontact` varchar(200) DEFAULT NULL COMMENT '其他联系方式',
  `provinceid` tinyint(3) unsigned DEFAULT '0' COMMENT '省份',
  `favoritenum` tinyint(3) unsigned DEFAULT '0' COMMENT '收藏',
  `modifytime` int(11) DEFAULT '0' COMMENT '修改时间',
  PRIMARY KEY (`userid`),
  KEY `FK_Reference_9` (`provinceid`)
) ENGINE=MyISAM  DEFAULT CHARSET=utf8 COMMENT='用户信息表' AUTO_INCREMENT=3 ;

--
-- 转存表中的数据 `zr_users`
--

INSERT INTO `zr_users` (`userid`, `username`, `openid`, `createdatetime`, `realname`, `gender`, `cellphone`, `units`, `othercontact`, `provinceid`, `favoritenum`, `modifytime`) VALUES
(1, 'ser', '1', 1429889096, '', '保密', '', '', '', 0, 0, 1429889646),
(2, 'review', '1', 1430205269, '1', '男', '1', '11', '1', 1, 1, 0);

/*!40101 SET CHARACTER_SET_CLIENT=@OLD_CHARACTER_SET_CLIENT */;
/*!40101 SET CHARACTER_SET_RESULTS=@OLD_CHARACTER_SET_RESULTS */;
/*!40101 SET COLLATION_CONNECTION=@OLD_COLLATION_CONNECTION */;
